Plate_ID,Well,Sample,Type,number_of_cells/capsules,Group_1,Group_2,Group_3,Index_Set,Index_Well,Index_Name,Plate_Barcode,FA_Well
BP9735_SitukAM.1,A1,SitukAM,sample,1.0,Bright,,,PE18,A1,PE18_A01,XUPVQ-1,A1
BP9735_SitukAM.1,B1,,unused,,,,,,,,XUPVQ-1,
BP9735_SitukAM.1,C1,SitukAM,sample,1.0,Bright,,,PE18,B1,PE18_B01,XUPVQ-1,B1
BP9735_SitukAM.1,D1,,unused,,,,,,,,XUPVQ-1,
BP9735_SitukAM.1,E1,SitukAM,sample,1.0,Bright,,,PE18,C1,PE18_C01,XUPVQ-1,C1
BP9735_SitukAM.1,F1,,unused,,,,,,,,XUPVQ-1,
BP9735_SitukAM.1,G1,SitukAM,sample,1.0,Bright,,,PE18,D1,PE18_D01,XUPVQ-1,D1
BP9735_SitukAM.1,H1,,unused,,,,,,,,XUPVQ-1,
BP9735_SitukAM.1,I1,SitukAM,sample,1.0,Bright,,,PE18,E1,PE18_E01,XUPVQ-1,E1
BP9735_SitukAM.1,J1,,unused,,,,,,,,XUPVQ-1,
BP9735_SitukAM.1,K1,SitukAM,sample,1.0,Bright,,,PE18,F1,PE18_F01,XUPVQ-1,F1
BP9735_SitukAM.1,L1,,unused,,,,,,,,XUPVQ-1,
BP9735_SitukAM.1,M1,SitukAM,sample,1.0,Bright,,,PE18,G1,PE18_G01,XUPVQ-1,G1
BP9735_SitukAM.1,N1,,unused,,,,,,,,XUPVQ-1,
BP9735_SitukAM.1,O1,SitukAM,sample,1.0,Bright,,,PE18,H1,PE18_H01,XUPVQ-1,H1
BP9735_SitukAM.1,P1,,unused,,,,,,,,XUPVQ-1,
BP9735_SitukAM.1,A2,,unused,,,,,,,,XUPVQ-1,
BP9735_SitukAM.1,B2,,unused,,,,,,,,XUPVQ-1,
BP9735_SitukAM.1,C2,,unused,,,,,,,,XUPVQ-1,
BP9735_SitukAM.1,D2,,unused,,,,,,,,XUPVQ-1,
BP9735_SitukAM.1,E2,,unused,,,,,,,,XUPVQ-1,
BP9735_SitukAM.1,F2,,unused,,,,,,,,XUPVQ-1,
BP9735_SitukAM.1,G2,,unused,,,,,,,,XUPVQ-1,
BP9735_SitukAM.1,H2,,unused,,,,,,,,XUPVQ-1,
BP9735_SitukAM.1,I2,,unused,,,,,,,,XUPVQ-1,
BP9735_SitukAM.1,J2,,unused,,,,,,,,XUPVQ-1,
BP9735_SitukAM.1,K2,,unused,,,,,,,,XUPVQ-1,
BP9735_SitukAM.1,L2,,unused,,,,,,,,XUPVQ-1,
BP9735_SitukAM.1,M2,,unused,,,,,,,,XUPVQ-1,
BP9735_SitukAM.1,N2,,unused,,,,,,,,XUPVQ-1,
BP9735_SitukAM.1,O2,,unused,,,,,,,,XUPVQ-1,
BP9735_SitukAM.1,P2,,unused,,,,,,,,XUPVQ-1,
BP9735_SitukAM.1,A3,SitukAM,sample,1.0,Bright,,,PE18,A2,PE18_A02,XUPVQ-1,A2
BP9735_SitukAM.1,B3,,unused,,,,,,,,XUPVQ-1,
BP9735_SitukAM.1,C3,SitukAM,sample,1.0,Bright,,,PE18,B2,PE18_B02,XUPVQ-1,B2
BP9735_SitukAM.1,D3,,unused,,,,,,,,XUPVQ-1,
BP9735_SitukAM.1,E3,SitukAM,sample,1.0,Bright,,,PE18,C2,PE18_C02,XUPVQ-1,C2
BP9735_SitukAM.1,F3,,unused,,,,,,,,XUPVQ-1,
BP9735_SitukAM.1,G3,SitukAM,sample,1.0,Bright,,,PE18,D2,PE18_D02,XUPVQ-1,D2
BP9735_SitukAM.1,H3,,unused,,,,,,,,XUPVQ-1,
BP9735_SitukAM.1,I3,SitukAM,sample,1.0,Bright,,,PE18,E2,PE18_E02,XUPVQ-1,E2
BP9735_SitukAM.1,J3,,unused,,,,,,,,XUPVQ-1,
BP9735_SitukAM.1,K3,SitukAM,sample,1.0,Bright,,,PE18,F2,PE18_F02,XUPVQ-1,F2
BP9735_SitukAM.1,L3,,unused,,,,,,,,XUPVQ-1,
BP9735_SitukAM.1,M3,SitukAM,sample,1.0,Bright,,,PE18,G2,PE18_G02,XUPVQ-1,G2
BP9735_SitukAM.1,N3,,unused,,,,,,,,XUPVQ-1,
BP9735_SitukAM.1,O3,SitukAM,sample,1.0,Bright,,,PE18,H2,PE18_H02,XUPVQ-1,H2
BP9735_SitukAM.1,P3,,unused,,,,,,,,XUPVQ-1,
BP9735_SitukAM.1,A4,,unused,,,,,,,,XUPVQ-1,
BP9735_SitukAM.1,B4,,unused,,,,,,,,XUPVQ-1,
BP9735_SitukAM.1,C4,,unused,,,,,,,,XUPVQ-1,
BP9735_SitukAM.1,D4,,unused,,,,,,,,XUPVQ-1,
BP9735_SitukAM.1,E4,,unused,,,,,,,,XUPVQ-1,
BP9735_SitukAM.1,F4,,unused,,,,,,,,XUPVQ-1,
BP9735_SitukAM.1,G4,,unused,,,,,,,,XUPVQ-1,
BP9735_SitukAM.1,H4,,unused,,,,,,,,XUPVQ-1,
BP9735_SitukAM.1,I4,,unused,,,,,,,,XUPVQ-1,
BP9735_SitukAM.1,J4,,unused,,,,,,,,XUPVQ-1,
BP9735_SitukAM.1,K4,,unused,,,,,,,,XUPVQ-1,
BP9735_SitukAM.1,L4,,unused,,,,,,,,XUPVQ-1,
BP9735_SitukAM.1,M4,,unused,,,,,,,,XUPVQ-1,
BP9735_SitukAM.1,N4,,unused,,,,,,,,XUPVQ-1,
BP9735_SitukAM.1,O4,,unused,,,,,,,,XUPVQ-1,
BP9735_SitukAM.1,P4,,unused,,,,,,,,XUPVQ-1,
BP9735_SitukAM.1,A5,SitukAM,sample,1.0,Bright,,,PE18,A3,PE18_A03,XUPVQ-1,A3
BP9735_SitukAM.1,B5,,unused,,,,,,,,XUPVQ-1,
BP9735_SitukAM.1,C5,SitukAM,sample,1.0,Bright,,,PE18,B3,PE18_B03,XUPVQ-1,B3
BP9735_SitukAM.1,D5,,unused,,,,,,,,XUPVQ-1,
BP9735_SitukAM.1,E5,SitukAM,sample,1.0,Bright,,,PE18,C3,PE18_C03,XUPVQ-1,C3
BP9735_SitukAM.1,F5,,unused,,,,,,,,XUPVQ-1,
BP9735_SitukAM.1,G5,SitukAM,sample,1.0,Bright,,,PE18,D3,PE18_D03,XUPVQ-1,D3
BP9735_SitukAM.1,H5,,unused,,,,,,,,XUPVQ-1,
BP9735_SitukAM.1,I5,SitukAM,sample,1.0,Bright,,,PE18,E3,PE18_E03,XUPVQ-1,E3
BP9735_SitukAM.1,J5,,unused,,,,,,,,XUPVQ-1,
BP9735_SitukAM.1,K5,SitukAM,sample,1.0,Bright,,,PE18,F3,PE18_F03,XUPVQ-1,F3
BP9735_SitukAM.1,L5,,unused,,,,,,,,XUPVQ-1,
BP9735_SitukAM.1,M5,SitukAM,sample,1.0,Bright,,,PE18,G3,PE18_G03,XUPVQ-1,G3
BP9735_SitukAM.1,N5,,unused,,,,,,,,XUPVQ-1,
BP9735_SitukAM.1,O5,SitukAM,sample,1.0,Bright,,,PE18,H3,PE18_H03,XUPVQ-1,H3
BP9735_SitukAM.1,P5,,unused,,,,,,,,XUPVQ-1,
BP9735_SitukAM.1,A6,,unused,,,,,,,,XUPVQ-1,
BP9735_SitukAM.1,B6,,unused,,,,,,,,XUPVQ-1,
BP9735_SitukAM.1,C6,,unused,,,,,,,,XUPVQ-1,
BP9735_SitukAM.1,D6,,unused,,,,,,,,XUPVQ-1,
BP9735_SitukAM.1,E6,,unused,,,,,,,,XUPVQ-1,
BP9735_SitukAM.1,F6,,unused,,,,,,,,XUPVQ-1,
BP9735_SitukAM.1,G6,,unused,,,,,,,,XUPVQ-1,
BP9735_SitukAM.1,H6,,unused,,,,,,,,XUPVQ-1,
BP9735_SitukAM.1,I6,,unused,,,,,,,,XUPVQ-1,
BP9735_SitukAM.1,J6,,unused,,,,,,,,XUPVQ-1,
BP9735_SitukAM.1,K6,,unused,,,,,,,,XUPVQ-1,
BP9735_SitukAM.1,L6,,unused,,,,,,,,XUPVQ-1,
BP9735_SitukAM.1,M6,,unused,,,,,,,,XUPVQ-1,
BP9735_SitukAM.1,N6,,unused,,,,,,,,XUPVQ-1,
BP9735_SitukAM.1,O6,,unused,,,,,,,,XUPVQ-1,
BP9735_SitukAM.1,P6,,unused,,,,,,,,XUPVQ-1,
BP9735_SitukAM.1,A7,SitukAM,sample,1.0,Bright,,,PE18,A4,PE18_A04,XUPVQ-1,A4
BP9735_SitukAM.1,B7,,unused,,,,,,,,XUPVQ-1,
BP9735_SitukAM.1,C7,SitukAM,sample,1.0,Bright,,,PE18,B4,PE18_B04,XUPVQ-1,B4
BP9735_SitukAM.1,D7,,unused,,,,,,,,XUPVQ-1,
BP9735_SitukAM.1,E7,SitukAM,sample,1.0,Bright,,,PE18,C4,PE18_C04,XUPVQ-1,C4
BP9735_SitukAM.1,F7,,unused,,,,,,,,XUPVQ-1,
BP9735_SitukAM.1,G7,SitukAM,sample,1.0,Bright,,,PE18,D4,PE18_D04,XUPVQ-1,D4
BP9735_SitukAM.1,H7,,unused,,,,,,,,XUPVQ-1,
BP9735_SitukAM.1,I7,SitukAM,sample,1.0,Bright,,,PE18,E4,PE18_E04,XUPVQ-1,E4
BP9735_SitukAM.1,J7,,unused,,,,,,,,XUPVQ-1,
BP9735_SitukAM.1,K7,SitukAM,sample,1.0,Bright,,,PE18,F4,PE18_F04,XUPVQ-1,F4
BP9735_SitukAM.1,L7,,unused,,,,,,,,XUPVQ-1,
BP9735_SitukAM.1,M7,SitukAM,sample,1.0,Bright,,,PE18,G4,PE18_G04,XUPVQ-1,G4
BP9735_SitukAM.1,N7,,unused,,,,,,,,XUPVQ-1,
BP9735_SitukAM.1,O7,SitukAM,sample,1.0,Bright,,,PE18,H4,PE18_H04,XUPVQ-1,H4
BP9735_SitukAM.1,P7,,unused,,,,,,,,XUPVQ-1,
BP9735_SitukAM.1,A8,,unused,,,,,,,,XUPVQ-1,
BP9735_SitukAM.1,B8,,unused,,,,,,,,XUPVQ-1,
BP9735_SitukAM.1,C8,,unused,,,,,,,,XUPVQ-1,
BP9735_SitukAM.1,D8,,unused,,,,,,,,XUPVQ-1,
BP9735_SitukAM.1,E8,,unused,,,,,,,,XUPVQ-1,
BP9735_SitukAM.1,F8,,unused,,,,,,,,XUPVQ-1,
BP9735_SitukAM.1,G8,,unused,,,,,,,,XUPVQ-1,
BP9735_SitukAM.1,H8,,unused,,,,,,,,XUPVQ-1,
BP9735_SitukAM.1,I8,,unused,,,,,,,,XUPVQ-1,
BP9735_SitukAM.1,J8,,unused,,,,,,,,XUPVQ-1,
BP9735_SitukAM.1,K8,,unused,,,,,,,,XUPVQ-1,
BP9735_SitukAM.1,L8,,unused,,,,,,,,XUPVQ-1,
BP9735_SitukAM.1,M8,,unused,,,,,,,,XUPVQ-1,
BP9735_SitukAM.1,N8,,unused,,,,,,,,XUPVQ-1,
BP9735_SitukAM.1,O8,,unused,,,,,,,,XUPVQ-1,
BP9735_SitukAM.1,P8,,unused,,,,,,,,XUPVQ-1,
BP9735_SitukAM.1,A9,SitukAM,sample,1.0,Bright,,,PE18,A5,PE18_A05,XUPVQ-1,A5
BP9735_SitukAM.1,B9,,unused,,,,,,,,XUPVQ-1,
BP9735_SitukAM.1,C9,SitukAM,sample,1.0,Bright,,,PE18,B5,PE18_B05,XUPVQ-1,B5
BP9735_SitukAM.1,D9,,unused,,,,,,,,XUPVQ-1,
BP9735_SitukAM.1,E9,SitukAM,sample,1.0,Bright,,,PE18,C5,PE18_C05,XUPVQ-1,C5
BP9735_SitukAM.1,F9,,unused,,,,,,,,XUPVQ-1,
BP9735_SitukAM.1,G9,SitukAM,sample,1.0,Bright,,,PE18,D5,PE18_D05,XUPVQ-1,D5
BP9735_SitukAM.1,H9,,unused,,,,,,,,XUPVQ-1,
BP9735_SitukAM.1,I9,SitukAM,sample,1.0,Bright,,,PE18,E5,PE18_E05,XUPVQ-1,E5
BP9735_SitukAM.1,J9,,unused,,,,,,,,XUPVQ-1,
BP9735_SitukAM.1,K9,SitukAM,sample,1.0,Bright,,,PE18,F5,PE18_F05,XUPVQ-1,F5
BP9735_SitukAM.1,L9,,unused,,,,,,,,XUPVQ-1,
BP9735_SitukAM.1,M9,SitukAM,sample,1.0,Bright,,,PE18,G5,PE18_G05,XUPVQ-1,G5
BP9735_SitukAM.1,N9,,unused,,,,,,,,XUPVQ-1,
BP9735_SitukAM.1,O9,SitukAM,sample,1.0,Bright,,,PE18,H5,PE18_H05,XUPVQ-1,H5
BP9735_SitukAM.1,P9,,unused,,,,,,,,XUPVQ-1,
BP9735_SitukAM.1,A10,,unused,,,,,,,,XUPVQ-1,
BP9735_SitukAM.1,B10,,unused,,,,,,,,XUPVQ-1,
BP9735_SitukAM.1,C10,,unused,,,,,,,,XUPVQ-1,
BP9735_SitukAM.1,D10,,unused,,,,,,,,XUPVQ-1,
BP9735_SitukAM.1,E10,,unused,,,,,,,,XUPVQ-1,
BP9735_SitukAM.1,F10,,unused,,,,,,,,XUPVQ-1,
BP9735_SitukAM.1,G10,,unused,,,,,,,,XUPVQ-1,
BP9735_SitukAM.1,H10,,unused,,,,,,,,XUPVQ-1,
BP9735_SitukAM.1,I10,,unused,,,,,,,,XUPVQ-1,
BP9735_SitukAM.1,J10,,unused,,,,,,,,XUPVQ-1,
BP9735_SitukAM.1,K10,,unused,,,,,,,,XUPVQ-1,
BP9735_SitukAM.1,L10,,unused,,,,,,,,XUPVQ-1,
BP9735_SitukAM.1,M10,,unused,,,,,,,,XUPVQ-1,
BP9735_SitukAM.1,N10,,unused,,,,,,,,XUPVQ-1,
BP9735_SitukAM.1,O10,,unused,,,,,,,,XUPVQ-1,
BP9735_SitukAM.1,P10,,unused,,,,,,,,XUPVQ-1,
BP9735_SitukAM.1,A11,SitukAM,sample,1.0,Bright,,,PE18,A6,PE18_A06,XUPVQ-1,A6
BP9735_SitukAM.1,B11,,unused,,,,,,,,XUPVQ-1,
BP9735_SitukAM.1,C11,SitukAM,sample,1.0,Bright,,,PE18,B6,PE18_B06,XUPVQ-1,B6
BP9735_SitukAM.1,D11,,unused,,,,,,,,XUPVQ-1,
BP9735_SitukAM.1,E11,SitukAM,sample,1.0,Bright,,,PE18,C6,PE18_C06,XUPVQ-1,C6
BP9735_SitukAM.1,F11,,unused,,,,,,,,XUPVQ-1,
BP9735_SitukAM.1,G11,SitukAM,sample,1.0,Bright,,,PE18,D6,PE18_D06,XUPVQ-1,D6
BP9735_SitukAM.1,H11,,unused,,,,,,,,XUPVQ-1,
BP9735_SitukAM.1,I11,SitukAM,sample,1.0,Bright,,,PE18,E6,PE18_E06,XUPVQ-1,E6
BP9735_SitukAM.1,J11,,unused,,,,,,,,XUPVQ-1,
BP9735_SitukAM.1,K11,SitukAM,sample,1.0,Bright,,,PE18,F6,PE18_F06,XUPVQ-1,F6
BP9735_SitukAM.1,L11,,unused,,,,,,,,XUPVQ-1,
BP9735_SitukAM.1,M11,SitukAM,sample,1.0,Bright,,,PE18,G6,PE18_G06,XUPVQ-1,G6
BP9735_SitukAM.1,N11,,unused,,,,,,,,XUPVQ-1,
BP9735_SitukAM.1,O11,SitukAM,sample,1.0,Bright,,,PE18,H6,PE18_H06,XUPVQ-1,H6
BP9735_SitukAM.1,P11,,unused,,,,,,,,XUPVQ-1,
BP9735_SitukAM.1,A12,,unused,,,,,,,,XUPVQ-1,
BP9735_SitukAM.1,B12,,unused,,,,,,,,XUPVQ-1,
BP9735_SitukAM.1,C12,,unused,,,,,,,,XUPVQ-1,
BP9735_SitukAM.1,D12,,unused,,,,,,,,XUPVQ-1,
BP9735_SitukAM.1,E12,,unused,,,,,,,,XUPVQ-1,
BP9735_SitukAM.1,F12,,unused,,,,,,,,XUPVQ-1,
BP9735_SitukAM.1,G12,,unused,,,,,,,,XUPVQ-1,
BP9735_SitukAM.1,H12,,unused,,,,,,,,XUPVQ-1,
BP9735_SitukAM.1,I12,,unused,,,,,,,,XUPVQ-1,
BP9735_SitukAM.1,J12,,unused,,,,,,,,XUPVQ-1,
BP9735_SitukAM.1,K12,,unused,,,,,,,,XUPVQ-1,
BP9735_SitukAM.1,L12,,unused,,,,,,,,XUPVQ-1,
BP9735_SitukAM.1,M12,,unused,,,,,,,,XUPVQ-1,
BP9735_SitukAM.1,N12,,unused,,,,,,,,XUPVQ-1,
BP9735_SitukAM.1,O12,,unused,,,,,,,,XUPVQ-1,
BP9735_SitukAM.1,P12,,unused,,,,,,,,XUPVQ-1,
BP9735_SitukAM.1,A13,SitukAM,sample,1.0,Bright,,,PE18,A7,PE18_A07,XUPVQ-1,A7
BP9735_SitukAM.1,B13,,unused,,,,,,,,XUPVQ-1,
BP9735_SitukAM.1,C13,SitukAM,sample,1.0,Bright,,,PE18,B7,PE18_B07,XUPVQ-1,B7
BP9735_SitukAM.1,D13,,unused,,,,,,,,XUPVQ-1,
BP9735_SitukAM.1,E13,SitukAM,sample,1.0,Bright,,,PE18,C7,PE18_C07,XUPVQ-1,C7
BP9735_SitukAM.1,F13,,unused,,,,,,,,XUPVQ-1,
BP9735_SitukAM.1,G13,SitukAM,sample,1.0,Bright,,,PE18,D7,PE18_D07,XUPVQ-1,D7
BP9735_SitukAM.1,H13,,unused,,,,,,,,XUPVQ-1,
BP9735_SitukAM.1,I13,SitukAM,sample,1.0,Bright,,,PE18,E7,PE18_E07,XUPVQ-1,E7
BP9735_SitukAM.1,J13,,unused,,,,,,,,XUPVQ-1,
BP9735_SitukAM.1,K13,SitukAM,sample,1.0,Bright,,,PE18,F7,PE18_F07,XUPVQ-1,F7
BP9735_SitukAM.1,L13,,unused,,,,,,,,XUPVQ-1,
BP9735_SitukAM.1,M13,SitukAM,sample,1.0,Bright,,,PE18,G7,PE18_G07,XUPVQ-1,G7
BP9735_SitukAM.1,N13,,unused,,,,,,,,XUPVQ-1,
BP9735_SitukAM.1,O13,SitukAM,sample,1.0,Bright,,,PE18,H7,PE18_H07,XUPVQ-1,H7
BP9735_SitukAM.1,P13,,unused,,,,,,,,XUPVQ-1,
BP9735_SitukAM.1,A14,,unused,,,,,,,,XUPVQ-1,
BP9735_SitukAM.1,B14,,unused,,,,,,,,XUPVQ-1,
BP9735_SitukAM.1,C14,,unused,,,,,,,,XUPVQ-1,
BP9735_SitukAM.1,D14,,unused,,,,,,,,XUPVQ-1,
BP9735_SitukAM.1,E14,,unused,,,,,,,,XUPVQ-1,
BP9735_SitukAM.1,F14,,unused,,,,,,,,XUPVQ-1,
BP9735_SitukAM.1,G14,,unused,,,,,,,,XUPVQ-1,
BP9735_SitukAM.1,H14,,unused,,,,,,,,XUPVQ-1,
BP9735_SitukAM.1,I14,,unused,,,,,,,,XUPVQ-1,
BP9735_SitukAM.1,J14,,unused,,,,,,,,XUPVQ-1,
BP9735_SitukAM.1,K14,,unused,,,,,,,,XUPVQ-1,
BP9735_SitukAM.1,L14,,unused,,,,,,,,XUPVQ-1,
BP9735_SitukAM.1,M14,,unused,,,,,,,,XUPVQ-1,
BP9735_SitukAM.1,N14,,unused,,,,,,,,XUPVQ-1,
BP9735_SitukAM.1,O14,,unused,,,,,,,,XUPVQ-1,
BP9735_SitukAM.1,P14,,unused,,,,,,,,XUPVQ-1,
BP9735_SitukAM.1,A15,SitukAM,sample,1.0,Bright,,,PE18,A8,PE18_A08,XUPVQ-1,A8
BP9735_SitukAM.1,B15,,unused,,,,,,,,XUPVQ-1,
BP9735_SitukAM.1,C15,SitukAM,sample,1.0,Bright,,,PE18,B8,PE18_B08,XUPVQ-1,B8
BP9735_SitukAM.1,D15,,unused,,,,,,,,XUPVQ-1,
BP9735_SitukAM.1,E15,SitukAM,sample,1.0,Bright,,,PE18,C8,PE18_C08,XUPVQ-1,C8
BP9735_SitukAM.1,F15,,unused,,,,,,,,XUPVQ-1,
BP9735_SitukAM.1,G15,SitukAM,sample,1.0,Bright,,,PE18,D8,PE18_D08,XUPVQ-1,D8
BP9735_SitukAM.1,H15,,unused,,,,,,,,XUPVQ-1,
BP9735_SitukAM.1,I15,SitukAM,sample,1.0,Bright,,,PE18,E8,PE18_E08,XUPVQ-1,E8
BP9735_SitukAM.1,J15,,unused,,,,,,,,XUPVQ-1,
BP9735_SitukAM.1,K15,SitukAM,sample,1.0,Bright,,,PE18,F8,PE18_F08,XUPVQ-1,F8
BP9735_SitukAM.1,L15,,unused,,,,,,,,XUPVQ-1,
BP9735_SitukAM.1,M15,SitukAM,sample,1.0,Bright,,,PE18,G8,PE18_G08,XUPVQ-1,G8
BP9735_SitukAM.1,N15,,unused,,,,,,,,XUPVQ-1,
BP9735_SitukAM.1,O15,SitukAM,sample,1.0,Bright,,,PE18,H8,PE18_H08,XUPVQ-1,H8
BP9735_SitukAM.1,P15,,unused,,,,,,,,XUPVQ-1,
BP9735_SitukAM.1,A16,,unused,,,,,,,,XUPVQ-1,
BP9735_SitukAM.1,B16,,unused,,,,,,,,XUPVQ-1,
BP9735_SitukAM.1,C16,,unused,,,,,,,,XUPVQ-1,
BP9735_SitukAM.1,D16,,unused,,,,,,,,XUPVQ-1,
BP9735_SitukAM.1,E16,,unused,,,,,,,,XUPVQ-1,
BP9735_SitukAM.1,F16,,unused,,,,,,,,XUPVQ-1,
BP9735_SitukAM.1,G16,,unused,,,,,,,,XUPVQ-1,
BP9735_SitukAM.1,H16,,unused,,,,,,,,XUPVQ-1,
BP9735_SitukAM.1,I16,,unused,,,,,,,,XUPVQ-1,
BP9735_SitukAM.1,J16,,unused,,,,,,,,XUPVQ-1,
BP9735_SitukAM.1,K16,,unused,,,,,,,,XUPVQ-1,
BP9735_SitukAM.1,L16,,unused,,,,,,,,XUPVQ-1,
BP9735_SitukAM.1,M16,,unused,,,,,,,,XUPVQ-1,
BP9735_SitukAM.1,N16,,unused,,,,,,,,XUPVQ-1,
BP9735_SitukAM.1,O16,,unused,,,,,,,,XUPVQ-1,
BP9735_SitukAM.1,P16,,unused,,,,,,,,XUPVQ-1,
BP9735_SitukAM.1,A17,SitukAM,sample,1.0,Bright,,,PE18,A9,PE18_A09,XUPVQ-1,A9
BP9735_SitukAM.1,B17,,unused,,,,,,,,XUPVQ-1,
BP9735_SitukAM.1,C17,SitukAM,sample,1.0,Bright,,,PE18,B9,PE18_B09,XUPVQ-1,B9
BP9735_SitukAM.1,D17,,unused,,,,,,,,XUPVQ-1,
BP9735_SitukAM.1,E17,SitukAM,sample,1.0,Bright,,,PE18,C9,PE18_C09,XUPVQ-1,C9
BP9735_SitukAM.1,F17,,unused,,,,,,,,XUPVQ-1,
BP9735_SitukAM.1,G17,SitukAM,sample,1.0,Bright,,,PE18,D9,PE18_D09,XUPVQ-1,D9
BP9735_SitukAM.1,H17,,unused,,,,,,,,XUPVQ-1,
BP9735_SitukAM.1,I17,SitukAM,sample,1.0,Bright,,,PE18,E9,PE18_E09,XUPVQ-1,E9
BP9735_SitukAM.1,J17,,unused,,,,,,,,XUPVQ-1,
BP9735_SitukAM.1,K17,SitukAM,sample,1.0,Bright,,,PE18,F9,PE18_F09,XUPVQ-1,F9
BP9735_SitukAM.1,L17,,unused,,,,,,,,XUPVQ-1,
BP9735_SitukAM.1,M17,SitukAM,sample,1.0,Bright,,,PE18,G9,PE18_G09,XUPVQ-1,G9
BP9735_SitukAM.1,N17,,unused,,,,,,,,XUPVQ-1,
BP9735_SitukAM.1,O17,SitukAM,sample,1.0,Bright,,,PE18,H9,PE18_H09,XUPVQ-1,H9
BP9735_SitukAM.1,P17,,unused,,,,,,,,XUPVQ-1,
BP9735_SitukAM.1,A18,,unused,,,,,,,,XUPVQ-1,
BP9735_SitukAM.1,B18,,unused,,,,,,,,XUPVQ-1,
BP9735_SitukAM.1,C18,,unused,,,,,,,,XUPVQ-1,
BP9735_SitukAM.1,D18,,unused,,,,,,,,XUPVQ-1,
BP9735_SitukAM.1,E18,,unused,,,,,,,,XUPVQ-1,
BP9735_SitukAM.1,F18,,unused,,,,,,,,XUPVQ-1,
BP9735_SitukAM.1,G18,,unused,,,,,,,,XUPVQ-1,
BP9735_SitukAM.1,H18,,unused,,,,,,,,XUPVQ-1,
BP9735_SitukAM.1,I18,,unused,,,,,,,,XUPVQ-1,
BP9735_SitukAM.1,J18,,unused,,,,,,,,XUPVQ-1,
BP9735_SitukAM.1,K18,,unused,,,,,,,,XUPVQ-1,
BP9735_SitukAM.1,L18,,unused,,,,,,,,XUPVQ-1,
BP9735_SitukAM.1,M18,,unused,,,,,,,,XUPVQ-1,
BP9735_SitukAM.1,N18,,unused,,,,,,,,XUPVQ-1,
BP9735_SitukAM.1,O18,,unused,,,,,,,,XUPVQ-1,
BP9735_SitukAM.1,P18,,unused,,,,,,,,XUPVQ-1,
BP9735_SitukAM.1,A19,SitukAM,sample,1.0,Bright,,,PE18,A10,PE18_A10,XUPVQ-1,A10
BP9735_SitukAM.1,B19,,unused,,,,,,,,XUPVQ-1,
BP9735_SitukAM.1,C19,SitukAM,sample,1.0,Bright,,,PE18,B10,PE18_B10,XUPVQ-1,B10
BP9735_SitukAM.1,D19,,unused,,,,,,,,XUPVQ-1,
BP9735_SitukAM.1,E19,SitukAM,sample,1.0,Bright,,,PE18,C10,PE18_C10,XUPVQ-1,C10
BP9735_SitukAM.1,F19,,unused,,,,,,,,XUPVQ-1,
BP9735_SitukAM.1,G19,SitukAM,sample,1.0,Bright,,,PE18,D10,PE18_D10,XUPVQ-1,D10
BP9735_SitukAM.1,H19,,unused,,,,,,,,XUPVQ-1,
BP9735_SitukAM.1,I19,SitukAM,sample,1.0,Bright,,,PE18,E10,PE18_E10,XUPVQ-1,E10
BP9735_SitukAM.1,J19,,unused,,,,,,,,XUPVQ-1,
BP9735_SitukAM.1,K19,SitukAM,sample,1.0,Bright,,,PE18,F10,PE18_F10,XUPVQ-1,F10
BP9735_SitukAM.1,L19,,unused,,,,,,,,XUPVQ-1,
BP9735_SitukAM.1,M19,SitukAM,sample,1.0,Bright,,,PE18,G10,PE18_G10,XUPVQ-1,G10
BP9735_SitukAM.1,N19,,unused,,,,,,,,XUPVQ-1,
BP9735_SitukAM.1,O19,SitukAM,sample,1.0,Bright,,,PE18,H10,PE18_H10,XUPVQ-1,H10
BP9735_SitukAM.1,P19,,unused,,,,,,,,XUPVQ-1,
BP9735_SitukAM.1,A20,,unused,,,,,,,,XUPVQ-1,
BP9735_SitukAM.1,B20,,unused,,,,,,,,XUPVQ-1,
BP9735_SitukAM.1,C20,,unused,,,,,,,,XUPVQ-1,
BP9735_SitukAM.1,D20,,unused,,,,,,,,XUPVQ-1,
BP9735_SitukAM.1,E20,,unused,,,,,,,,XUPVQ-1,
BP9735_SitukAM.1,F20,,unused,,,,,,,,XUPVQ-1,
BP9735_SitukAM.1,G20,,unused,,,,,,,,XUPVQ-1,
BP9735_SitukAM.1,H20,,unused,,,,,,,,XUPVQ-1,
BP9735_SitukAM.1,I20,,unused,,,,,,,,XUPVQ-1,
BP9735_SitukAM.1,J20,,unused,,,,,,,,XUPVQ-1,
BP9735_SitukAM.1,K20,,unused,,,,,,,,XUPVQ-1,
BP9735_SitukAM.1,L20,,unused,,,,,,,,XUPVQ-1,
BP9735_SitukAM.1,M20,,unused,,,,,,,,XUPVQ-1,
BP9735_SitukAM.1,N20,,unused,,,,,,,,XUPVQ-1,
BP9735_SitukAM.1,O20,,unused,,,,,,,,XUPVQ-1,
BP9735_SitukAM.1,P20,,unused,,,,,,,,XUPVQ-1,
BP9735_SitukAM.1,A21,SitukAM,sample,1.0,Bright,,,PE18,A11,PE18_A11,XUPVQ-1,A11
BP9735_SitukAM.1,B21,,unused,,,,,,,,XUPVQ-1,
BP9735_SitukAM.1,C21,SitukAM,sample,1.0,Bright,,,PE18,B11,PE18_B11,XUPVQ-1,B11
BP9735_SitukAM.1,D21,,unused,,,,,,,,XUPVQ-1,
BP9735_SitukAM.1,E21,SitukAM,sample,1.0,Bright,,,PE18,C11,PE18_C11,XUPVQ-1,C11
BP9735_SitukAM.1,F21,,unused,,,,,,,,XUPVQ-1,
BP9735_SitukAM.1,G21,SitukAM,sample,1.0,Bright,,,PE18,D11,PE18_D11,XUPVQ-1,D11
BP9735_SitukAM.1,H21,,unused,,,,,,,,XUPVQ-1,
BP9735_SitukAM.1,I21,SitukAM,sample,1.0,Bright,,,PE18,E11,PE18_E11,XUPVQ-1,E11
BP9735_SitukAM.1,J21,,unused,,,,,,,,XUPVQ-1,
BP9735_SitukAM.1,K21,SitukAM,sample,1.0,Bright,,,PE18,F11,PE18_F11,XUPVQ-1,F11
BP9735_SitukAM.1,L21,,unused,,,,,,,,XUPVQ-1,
BP9735_SitukAM.1,M21,SitukAM,sample,1.0,Bright,,,PE18,G11,PE18_G11,XUPVQ-1,G11
BP9735_SitukAM.1,N21,,unused,,,,,,,,XUPVQ-1,
BP9735_SitukAM.1,O21,SitukAM,sample,1.0,Bright,,,PE18,H11,PE18_H11,XUPVQ-1,H11
BP9735_SitukAM.1,P21,,unused,,,,,,,,XUPVQ-1,
BP9735_SitukAM.1,A22,,unused,,,,,,,,XUPVQ-1,
BP9735_SitukAM.1,B22,,unused,,,,,,,,XUPVQ-1,
BP9735_SitukAM.1,C22,,unused,,,,,,,,XUPVQ-1,
BP9735_SitukAM.1,D22,,unused,,,,,,,,XUPVQ-1,
BP9735_SitukAM.1,E22,,unused,,,,,,,,XUPVQ-1,
BP9735_SitukAM.1,F22,,unused,,,,,,,,XUPVQ-1,
BP9735_SitukAM.1,G22,,unused,,,,,,,,XUPVQ-1,
BP9735_SitukAM.1,H22,,unused,,,,,,,,XUPVQ-1,
BP9735_SitukAM.1,I22,,unused,,,,,,,,XUPVQ-1,
BP9735_SitukAM.1,J22,,unused,,,,,,,,XUPVQ-1,
BP9735_SitukAM.1,K22,,unused,,,,,,,,XUPVQ-1,
BP9735_SitukAM.1,L22,,unused,,,,,,,,XUPVQ-1,
BP9735_SitukAM.1,M22,,unused,,,,,,,,XUPVQ-1,
BP9735_SitukAM.1,N22,,unused,,,,,,,,XUPVQ-1,
BP9735_SitukAM.1,O22,,unused,,,,,,,,XUPVQ-1,
BP9735_SitukAM.1,P22,,unused,,,,,,,,XUPVQ-1,
BP9735_SitukAM.1,A23,,neg_cntrl,0.0,empty,,,PE18,A12,PE18_A12,XUPVQ-1,A12
BP9735_SitukAM.1,B23,,unused,,,,,,,,XUPVQ-1,
BP9735_SitukAM.1,C23,,neg_cntrl,0.0,empty,,,PE18,B12,PE18_B12,XUPVQ-1,B12
BP9735_SitukAM.1,D23,,unused,,,,,,,,XUPVQ-1,
BP9735_SitukAM.1,E23,,pos_cntrl,,DNA,,,PE18,C12,PE18_C12,XUPVQ-1,C12
BP9735_SitukAM.1,F23,,unused,,,,,,,,XUPVQ-1,
BP9735_SitukAM.1,G23,,pos_cntrl,,DNA,,,PE18,D12,PE18_D12,XUPVQ-1,D12
BP9735_SitukAM.1,H23,,unused,,,,,,,,XUPVQ-1,
BP9735_SitukAM.1,I23,,unused,,,,,,,,XUPVQ-1,
BP9735_SitukAM.1,J23,,unused,,,,,,,,XUPVQ-1,
BP9735_SitukAM.1,K23,,unused,,,,,,,,XUPVQ-1,
BP9735_SitukAM.1,L23,,unused,,,,,,,,XUPVQ-1,
BP9735_SitukAM.1,M23,,unused,,,,,,,,XUPVQ-1,
BP9735_SitukAM.1,N23,,unused,,,,,,,,XUPVQ-1,
BP9735_SitukAM.1,O23,,unused,,,,,,,,XUPVQ-1,
BP9735_SitukAM.1,P23,,unused,,,,,,,,XUPVQ-1,
BP9735_SitukAM.1,A24,,unused,,,,,,,,XUPVQ-1,
BP9735_SitukAM.1,B24,,unused,,,,,,,,XUPVQ-1,
BP9735_SitukAM.1,C24,,unused,,,,,,,,XUPVQ-1,
BP9735_SitukAM.1,D24,,unused,,,,,,,,XUPVQ-1,
BP9735_SitukAM.1,E24,,unused,,,,,,,,XUPVQ-1,
BP9735_SitukAM.1,F24,,unused,,,,,,,,XUPVQ-1,
BP9735_SitukAM.1,G24,,unused,,,,,,,,XUPVQ-1,
BP9735_SitukAM.1,H24,,unused,,,,,,,,XUPVQ-1,
BP9735_SitukAM.1,I24,,unused,,,,,,,,XUPVQ-1,
BP9735_SitukAM.1,J24,,unused,,,,,,,,XUPVQ-1,
BP9735_SitukAM.1,K24,,unused,,,,,,,,XUPVQ-1,
BP9735_SitukAM.1,L24,,unused,,,,,,,,XUPVQ-1,
BP9735_SitukAM.1,M24,,unused,,,,,,,,XUPVQ-1,
BP9735_SitukAM.1,N24,,unused,,,,,,,,XUPVQ-1,
BP9735_SitukAM.1,O24,,unused,,,,,,,,XUPVQ-1,
BP9735_SitukAM.1,P24,,unused,,,,,,,,XUPVQ-1,
BP9735_SitukAM.2,A1,SitukAM,sample,1.0,Bright,,,PE19,A1,PE19_A01,XUPVQ-2,A1
BP9735_SitukAM.2,B1,,unused,,,,,,,,XUPVQ-2,
BP9735_SitukAM.2,C1,SitukAM,sample,1.0,Bright,,,PE19,B1,PE19_B01,XUPVQ-2,B1
BP9735_SitukAM.2,D1,,unused,,,,,,,,XUPVQ-2,
BP9735_SitukAM.2,E1,SitukAM,sample,1.0,Bright,,,PE19,C1,PE19_C01,XUPVQ-2,C1
BP9735_SitukAM.2,F1,,unused,,,,,,,,XUPVQ-2,
BP9735_SitukAM.2,G1,SitukAM,sample,1.0,Bright,,,PE19,D1,PE19_D01,XUPVQ-2,D1
BP9735_SitukAM.2,H1,,unused,,,,,,,,XUPVQ-2,
BP9735_SitukAM.2,I1,SitukAM,sample,1.0,Bright,,,PE19,E1,PE19_E01,XUPVQ-2,E1
BP9735_SitukAM.2,J1,,unused,,,,,,,,XUPVQ-2,
BP9735_SitukAM.2,K1,SitukAM,sample,1.0,Bright,,,PE19,F1,PE19_F01,XUPVQ-2,F1
BP9735_SitukAM.2,L1,,unused,,,,,,,,XUPVQ-2,
BP9735_SitukAM.2,M1,SitukAM,sample,1.0,Bright,,,PE19,G1,PE19_G01,XUPVQ-2,G1
BP9735_SitukAM.2,N1,,unused,,,,,,,,XUPVQ-2,
BP9735_SitukAM.2,O1,SitukAM,sample,1.0,Bright,,,PE19,H1,PE19_H01,XUPVQ-2,H1
BP9735_SitukAM.2,P1,,unused,,,,,,,,XUPVQ-2,
BP9735_SitukAM.2,A2,,unused,,,,,,,,XUPVQ-2,
BP9735_SitukAM.2,B2,,unused,,,,,,,,XUPVQ-2,
BP9735_SitukAM.2,C2,,unused,,,,,,,,XUPVQ-2,
BP9735_SitukAM.2,D2,,unused,,,,,,,,XUPVQ-2,
BP9735_SitukAM.2,E2,,unused,,,,,,,,XUPVQ-2,
BP9735_SitukAM.2,F2,,unused,,,,,,,,XUPVQ-2,
BP9735_SitukAM.2,G2,,unused,,,,,,,,XUPVQ-2,
BP9735_SitukAM.2,H2,,unused,,,,,,,,XUPVQ-2,
BP9735_SitukAM.2,I2,,unused,,,,,,,,XUPVQ-2,
BP9735_SitukAM.2,J2,,unused,,,,,,,,XUPVQ-2,
BP9735_SitukAM.2,K2,,unused,,,,,,,,XUPVQ-2,
BP9735_SitukAM.2,L2,,unused,,,,,,,,XUPVQ-2,
BP9735_SitukAM.2,M2,,unused,,,,,,,,XUPVQ-2,
BP9735_SitukAM.2,N2,,unused,,,,,,,,XUPVQ-2,
BP9735_SitukAM.2,O2,,unused,,,,,,,,XUPVQ-2,
BP9735_SitukAM.2,P2,,unused,,,,,,,,XUPVQ-2,
BP9735_SitukAM.2,A3,SitukAM,sample,1.0,Bright,,,PE19,A2,PE19_A02,XUPVQ-2,A2
BP9735_SitukAM.2,B3,,unused,,,,,,,,XUPVQ-2,
BP9735_SitukAM.2,C3,SitukAM,sample,1.0,Bright,,,PE19,B2,PE19_B02,XUPVQ-2,B2
BP9735_SitukAM.2,D3,,unused,,,,,,,,XUPVQ-2,
BP9735_SitukAM.2,E3,SitukAM,sample,1.0,Bright,,,PE19,C2,PE19_C02,XUPVQ-2,C2
BP9735_SitukAM.2,F3,,unused,,,,,,,,XUPVQ-2,
BP9735_SitukAM.2,G3,SitukAM,sample,1.0,Bright,,,PE19,D2,PE19_D02,XUPVQ-2,D2
BP9735_SitukAM.2,H3,,unused,,,,,,,,XUPVQ-2,
BP9735_SitukAM.2,I3,SitukAM,sample,1.0,Bright,,,PE19,E2,PE19_E02,XUPVQ-2,E2
BP9735_SitukAM.2,J3,,unused,,,,,,,,XUPVQ-2,
BP9735_SitukAM.2,K3,SitukAM,sample,1.0,Bright,,,PE19,F2,PE19_F02,XUPVQ-2,F2
BP9735_SitukAM.2,L3,,unused,,,,,,,,XUPVQ-2,
BP9735_SitukAM.2,M3,SitukAM,sample,1.0,Bright,,,PE19,G2,PE19_G02,XUPVQ-2,G2
BP9735_SitukAM.2,N3,,unused,,,,,,,,XUPVQ-2,
BP9735_SitukAM.2,O3,SitukAM,sample,1.0,Bright,,,PE19,H2,PE19_H02,XUPVQ-2,H2
BP9735_SitukAM.2,P3,,unused,,,,,,,,XUPVQ-2,
BP9735_SitukAM.2,A4,,unused,,,,,,,,XUPVQ-2,
BP9735_SitukAM.2,B4,,unused,,,,,,,,XUPVQ-2,
BP9735_SitukAM.2,C4,,unused,,,,,,,,XUPVQ-2,
BP9735_SitukAM.2,D4,,unused,,,,,,,,XUPVQ-2,
BP9735_SitukAM.2,E4,,unused,,,,,,,,XUPVQ-2,
BP9735_SitukAM.2,F4,,unused,,,,,,,,XUPVQ-2,
BP9735_SitukAM.2,G4,,unused,,,,,,,,XUPVQ-2,
BP9735_SitukAM.2,H4,,unused,,,,,,,,XUPVQ-2,
BP9735_SitukAM.2,I4,,unused,,,,,,,,XUPVQ-2,
BP9735_SitukAM.2,J4,,unused,,,,,,,,XUPVQ-2,
BP9735_SitukAM.2,K4,,unused,,,,,,,,XUPVQ-2,
BP9735_SitukAM.2,L4,,unused,,,,,,,,XUPVQ-2,
BP9735_SitukAM.2,M4,,unused,,,,,,,,XUPVQ-2,
BP9735_SitukAM.2,N4,,unused,,,,,,,,XUPVQ-2,
BP9735_SitukAM.2,O4,,unused,,,,,,,,XUPVQ-2,
BP9735_SitukAM.2,P4,,unused,,,,,,,,XUPVQ-2,
BP9735_SitukAM.2,A5,SitukAM,sample,1.0,Bright,,,PE19,A3,PE19_A03,XUPVQ-2,A3
BP9735_SitukAM.2,B5,,unused,,,,,,,,XUPVQ-2,
BP9735_SitukAM.2,C5,SitukAM,sample,1.0,Bright,,,PE19,B3,PE19_B03,XUPVQ-2,B3
BP9735_SitukAM.2,D5,,unused,,,,,,,,XUPVQ-2,
BP9735_SitukAM.2,E5,SitukAM,sample,1.0,Bright,,,PE19,C3,PE19_C03,XUPVQ-2,C3
BP9735_SitukAM.2,F5,,unused,,,,,,,,XUPVQ-2,
BP9735_SitukAM.2,G5,SitukAM,sample,1.0,Bright,,,PE19,D3,PE19_D03,XUPVQ-2,D3
BP9735_SitukAM.2,H5,,unused,,,,,,,,XUPVQ-2,
BP9735_SitukAM.2,I5,SitukAM,sample,1.0,Bright,,,PE19,E3,PE19_E03,XUPVQ-2,E3
BP9735_SitukAM.2,J5,,unused,,,,,,,,XUPVQ-2,
BP9735_SitukAM.2,K5,SitukAM,sample,1.0,Bright,,,PE19,F3,PE19_F03,XUPVQ-2,F3
BP9735_SitukAM.2,L5,,unused,,,,,,,,XUPVQ-2,
BP9735_SitukAM.2,M5,SitukAM,sample,1.0,Bright,,,PE19,G3,PE19_G03,XUPVQ-2,G3
BP9735_SitukAM.2,N5,,unused,,,,,,,,XUPVQ-2,
BP9735_SitukAM.2,O5,SitukAM,sample,1.0,Bright,,,PE19,H3,PE19_H03,XUPVQ-2,H3
BP9735_SitukAM.2,P5,,unused,,,,,,,,XUPVQ-2,
BP9735_SitukAM.2,A6,,unused,,,,,,,,XUPVQ-2,
BP9735_SitukAM.2,B6,,unused,,,,,,,,XUPVQ-2,
BP9735_SitukAM.2,C6,,unused,,,,,,,,XUPVQ-2,
BP9735_SitukAM.2,D6,,unused,,,,,,,,XUPVQ-2,
BP9735_SitukAM.2,E6,,unused,,,,,,,,XUPVQ-2,
BP9735_SitukAM.2,F6,,unused,,,,,,,,XUPVQ-2,
BP9735_SitukAM.2,G6,,unused,,,,,,,,XUPVQ-2,
BP9735_SitukAM.2,H6,,unused,,,,,,,,XUPVQ-2,
BP9735_SitukAM.2,I6,,unused,,,,,,,,XUPVQ-2,
BP9735_SitukAM.2,J6,,unused,,,,,,,,XUPVQ-2,
BP9735_SitukAM.2,K6,,unused,,,,,,,,XUPVQ-2,
BP9735_SitukAM.2,L6,,unused,,,,,,,,XUPVQ-2,
BP9735_SitukAM.2,M6,,unused,,,,,,,,XUPVQ-2,
BP9735_SitukAM.2,N6,,unused,,,,,,,,XUPVQ-2,
BP9735_SitukAM.2,O6,,unused,,,,,,,,XUPVQ-2,
BP9735_SitukAM.2,P6,,unused,,,,,,,,XUPVQ-2,
BP9735_SitukAM.2,A7,SitukAM,sample,1.0,Bright,,,PE19,A4,PE19_A04,XUPVQ-2,A4
BP9735_SitukAM.2,B7,,unused,,,,,,,,XUPVQ-2,
BP9735_SitukAM.2,C7,SitukAM,sample,1.0,Bright,,,PE19,B4,PE19_B04,XUPVQ-2,B4
BP9735_SitukAM.2,D7,,unused,,,,,,,,XUPVQ-2,
BP9735_SitukAM.2,E7,SitukAM,sample,1.0,Bright,,,PE19,C4,PE19_C04,XUPVQ-2,C4
BP9735_SitukAM.2,F7,,unused,,,,,,,,XUPVQ-2,
BP9735_SitukAM.2,G7,SitukAM,sample,1.0,Bright,,,PE19,D4,PE19_D04,XUPVQ-2,D4
BP9735_SitukAM.2,H7,,unused,,,,,,,,XUPVQ-2,
BP9735_SitukAM.2,I7,SitukAM,sample,1.0,Bright,,,PE19,E4,PE19_E04,XUPVQ-2,E4
BP9735_SitukAM.2,J7,,unused,,,,,,,,XUPVQ-2,
BP9735_SitukAM.2,K7,SitukAM,sample,1.0,Bright,,,PE19,F4,PE19_F04,XUPVQ-2,F4
BP9735_SitukAM.2,L7,,unused,,,,,,,,XUPVQ-2,
BP9735_SitukAM.2,M7,SitukAM,sample,1.0,Bright,,,PE19,G4,PE19_G04,XUPVQ-2,G4
BP9735_SitukAM.2,N7,,unused,,,,,,,,XUPVQ-2,
BP9735_SitukAM.2,O7,SitukAM,sample,1.0,Bright,,,PE19,H4,PE19_H04,XUPVQ-2,H4
BP9735_SitukAM.2,P7,,unused,,,,,,,,XUPVQ-2,
BP9735_SitukAM.2,A8,,unused,,,,,,,,XUPVQ-2,
BP9735_SitukAM.2,B8,,unused,,,,,,,,XUPVQ-2,
BP9735_SitukAM.2,C8,,unused,,,,,,,,XUPVQ-2,
BP9735_SitukAM.2,D8,,unused,,,,,,,,XUPVQ-2,
BP9735_SitukAM.2,E8,,unused,,,,,,,,XUPVQ-2,
BP9735_SitukAM.2,F8,,unused,,,,,,,,XUPVQ-2,
BP9735_SitukAM.2,G8,,unused,,,,,,,,XUPVQ-2,
BP9735_SitukAM.2,H8,,unused,,,,,,,,XUPVQ-2,
BP9735_SitukAM.2,I8,,unused,,,,,,,,XUPVQ-2,
BP9735_SitukAM.2,J8,,unused,,,,,,,,XUPVQ-2,
BP9735_SitukAM.2,K8,,unused,,,,,,,,XUPVQ-2,
BP9735_SitukAM.2,L8,,unused,,,,,,,,XUPVQ-2,
BP9735_SitukAM.2,M8,,unused,,,,,,,,XUPVQ-2,
BP9735_SitukAM.2,N8,,unused,,,,,,,,XUPVQ-2,
BP9735_SitukAM.2,O8,,unused,,,,,,,,XUPVQ-2,
BP9735_SitukAM.2,P8,,unused,,,,,,,,XUPVQ-2,
BP9735_SitukAM.2,A9,SitukAM,sample,1.0,Bright,,,PE19,A5,PE19_A05,XUPVQ-2,A5
BP9735_SitukAM.2,B9,,unused,,,,,,,,XUPVQ-2,
BP9735_SitukAM.2,C9,SitukAM,sample,1.0,Bright,,,PE19,B5,PE19_B05,XUPVQ-2,B5
BP9735_SitukAM.2,D9,,unused,,,,,,,,XUPVQ-2,
BP9735_SitukAM.2,E9,SitukAM,sample,1.0,Bright,,,PE19,C5,PE19_C05,XUPVQ-2,C5
BP9735_SitukAM.2,F9,,unused,,,,,,,,XUPVQ-2,
BP9735_SitukAM.2,G9,SitukAM,sample,1.0,Bright,,,PE19,D5,PE19_D05,XUPVQ-2,D5
BP9735_SitukAM.2,H9,,unused,,,,,,,,XUPVQ-2,
BP9735_SitukAM.2,I9,SitukAM,sample,1.0,Bright,,,PE19,E5,PE19_E05,XUPVQ-2,E5
BP9735_SitukAM.2,J9,,unused,,,,,,,,XUPVQ-2,
BP9735_SitukAM.2,K9,SitukAM,sample,1.0,Bright,,,PE19,F5,PE19_F05,XUPVQ-2,F5
BP9735_SitukAM.2,L9,,unused,,,,,,,,XUPVQ-2,
BP9735_SitukAM.2,M9,SitukAM,sample,1.0,Bright,,,PE19,G5,PE19_G05,XUPVQ-2,G5
BP9735_SitukAM.2,N9,,unused,,,,,,,,XUPVQ-2,
BP9735_SitukAM.2,O9,SitukAM,sample,1.0,Bright,,,PE19,H5,PE19_H05,XUPVQ-2,H5
BP9735_SitukAM.2,P9,,unused,,,,,,,,XUPVQ-2,
BP9735_SitukAM.2,A10,,unused,,,,,,,,XUPVQ-2,
BP9735_SitukAM.2,B10,,unused,,,,,,,,XUPVQ-2,
BP9735_SitukAM.2,C10,,unused,,,,,,,,XUPVQ-2,
BP9735_SitukAM.2,D10,,unused,,,,,,,,XUPVQ-2,
BP9735_SitukAM.2,E10,,unused,,,,,,,,XUPVQ-2,
BP9735_SitukAM.2,F10,,unused,,,,,,,,XUPVQ-2,
BP9735_SitukAM.2,G10,,unused,,,,,,,,XUPVQ-2,
BP9735_SitukAM.2,H10,,unused,,,,,,,,XUPVQ-2,
BP9735_SitukAM.2,I10,,unused,,,,,,,,XUPVQ-2,
BP9735_SitukAM.2,J10,,unused,,,,,,,,XUPVQ-2,
BP9735_SitukAM.2,K10,,unused,,,,,,,,XUPVQ-2,
BP9735_SitukAM.2,L10,,unused,,,,,,,,XUPVQ-2,
BP9735_SitukAM.2,M10,,unused,,,,,,,,XUPVQ-2,
BP9735_SitukAM.2,N10,,unused,,,,,,,,XUPVQ-2,
BP9735_SitukAM.2,O10,,unused,,,,,,,,XUPVQ-2,
BP9735_SitukAM.2,P10,,unused,,,,,,,,XUPVQ-2,
BP9735_SitukAM.2,A11,SitukAM,sample,1.0,Bright,,,PE19,A6,PE19_A06,XUPVQ-2,A6
BP9735_SitukAM.2,B11,,unused,,,,,,,,XUPVQ-2,
BP9735_SitukAM.2,C11,SitukAM,sample,1.0,Bright,,,PE19,B6,PE19_B06,XUPVQ-2,B6
BP9735_SitukAM.2,D11,,unused,,,,,,,,XUPVQ-2,
BP9735_SitukAM.2,E11,SitukAM,sample,1.0,Bright,,,PE19,C6,PE19_C06,XUPVQ-2,C6
BP9735_SitukAM.2,F11,,unused,,,,,,,,XUPVQ-2,
BP9735_SitukAM.2,G11,SitukAM,sample,1.0,Bright,,,PE19,D6,PE19_D06,XUPVQ-2,D6
BP9735_SitukAM.2,H11,,unused,,,,,,,,XUPVQ-2,
BP9735_SitukAM.2,I11,SitukAM,sample,1.0,Bright,,,PE19,E6,PE19_E06,XUPVQ-2,E6
BP9735_SitukAM.2,J11,,unused,,,,,,,,XUPVQ-2,
BP9735_SitukAM.2,K11,SitukAM,sample,1.0,Bright,,,PE19,F6,PE19_F06,XUPVQ-2,F6
BP9735_SitukAM.2,L11,,unused,,,,,,,,XUPVQ-2,
BP9735_SitukAM.2,M11,SitukAM,sample,1.0,Bright,,,PE19,G6,PE19_G06,XUPVQ-2,G6
BP9735_SitukAM.2,N11,,unused,,,,,,,,XUPVQ-2,
BP9735_SitukAM.2,O11,SitukAM,sample,1.0,Bright,,,PE19,H6,PE19_H06,XUPVQ-2,H6
BP9735_SitukAM.2,P11,,unused,,,,,,,,XUPVQ-2,
BP9735_SitukAM.2,A12,,unused,,,,,,,,XUPVQ-2,
BP9735_SitukAM.2,B12,,unused,,,,,,,,XUPVQ-2,
BP9735_SitukAM.2,C12,,unused,,,,,,,,XUPVQ-2,
BP9735_SitukAM.2,D12,,unused,,,,,,,,XUPVQ-2,
BP9735_SitukAM.2,E12,,unused,,,,,,,,XUPVQ-2,
BP9735_SitukAM.2,F12,,unused,,,,,,,,XUPVQ-2,
BP9735_SitukAM.2,G12,,unused,,,,,,,,XUPVQ-2,
BP9735_SitukAM.2,H12,,unused,,,,,,,,XUPVQ-2,
BP9735_SitukAM.2,I12,,unused,,,,,,,,XUPVQ-2,
BP9735_SitukAM.2,J12,,unused,,,,,,,,XUPVQ-2,
BP9735_SitukAM.2,K12,,unused,,,,,,,,XUPVQ-2,
BP9735_SitukAM.2,L12,,unused,,,,,,,,XUPVQ-2,
BP9735_SitukAM.2,M12,,unused,,,,,,,,XUPVQ-2,
BP9735_SitukAM.2,N12,,unused,,,,,,,,XUPVQ-2,
BP9735_SitukAM.2,O12,,unused,,,,,,,,XUPVQ-2,
BP9735_SitukAM.2,P12,,unused,,,,,,,,XUPVQ-2,
BP9735_SitukAM.2,A13,SitukAM,sample,1.0,Bright,,,PE19,A7,PE19_A07,XUPVQ-2,A7
BP9735_SitukAM.2,B13,,unused,,,,,,,,XUPVQ-2,
BP9735_SitukAM.2,C13,SitukAM,sample,1.0,Bright,,,PE19,B7,PE19_B07,XUPVQ-2,B7
BP9735_SitukAM.2,D13,,unused,,,,,,,,XUPVQ-2,
BP9735_SitukAM.2,E13,SitukAM,sample,1.0,Bright,,,PE19,C7,PE19_C07,XUPVQ-2,C7
BP9735_SitukAM.2,F13,,unused,,,,,,,,XUPVQ-2,
BP9735_SitukAM.2,G13,SitukAM,sample,1.0,Bright,,,PE19,D7,PE19_D07,XUPVQ-2,D7
BP9735_SitukAM.2,H13,,unused,,,,,,,,XUPVQ-2,
BP9735_SitukAM.2,I13,SitukAM,sample,1.0,Bright,,,PE19,E7,PE19_E07,XUPVQ-2,E7
BP9735_SitukAM.2,J13,,unused,,,,,,,,XUPVQ-2,
BP9735_SitukAM.2,K13,SitukAM,sample,1.0,Bright,,,PE19,F7,PE19_F07,XUPVQ-2,F7
BP9735_SitukAM.2,L13,,unused,,,,,,,,XUPVQ-2,
BP9735_SitukAM.2,M13,SitukAM,sample,1.0,Bright,,,PE19,G7,PE19_G07,XUPVQ-2,G7
BP9735_SitukAM.2,N13,,unused,,,,,,,,XUPVQ-2,
BP9735_SitukAM.2,O13,SitukAM,sample,1.0,Bright,,,PE19,H7,PE19_H07,XUPVQ-2,H7
BP9735_SitukAM.2,P13,,unused,,,,,,,,XUPVQ-2,
BP9735_SitukAM.2,A14,,unused,,,,,,,,XUPVQ-2,
BP9735_SitukAM.2,B14,,unused,,,,,,,,XUPVQ-2,
BP9735_SitukAM.2,C14,,unused,,,,,,,,XUPVQ-2,
BP9735_SitukAM.2,D14,,unused,,,,,,,,XUPVQ-2,
BP9735_SitukAM.2,E14,,unused,,,,,,,,XUPVQ-2,
BP9735_SitukAM.2,F14,,unused,,,,,,,,XUPVQ-2,
BP9735_SitukAM.2,G14,,unused,,,,,,,,XUPVQ-2,
BP9735_SitukAM.2,H14,,unused,,,,,,,,XUPVQ-2,
BP9735_SitukAM.2,I14,,unused,,,,,,,,XUPVQ-2,
BP9735_SitukAM.2,J14,,unused,,,,,,,,XUPVQ-2,
BP9735_SitukAM.2,K14,,unused,,,,,,,,XUPVQ-2,
BP9735_SitukAM.2,L14,,unused,,,,,,,,XUPVQ-2,
BP9735_SitukAM.2,M14,,unused,,,,,,,,XUPVQ-2,
BP9735_SitukAM.2,N14,,unused,,,,,,,,XUPVQ-2,
BP9735_SitukAM.2,O14,,unused,,,,,,,,XUPVQ-2,
BP9735_SitukAM.2,P14,,unused,,,,,,,,XUPVQ-2,
BP9735_SitukAM.2,A15,SitukAM,sample,1.0,Bright,,,PE19,A8,PE19_A08,XUPVQ-2,A8
BP9735_SitukAM.2,B15,,unused,,,,,,,,XUPVQ-2,
BP9735_SitukAM.2,C15,SitukAM,sample,1.0,Bright,,,PE19,B8,PE19_B08,XUPVQ-2,B8
BP9735_SitukAM.2,D15,,unused,,,,,,,,XUPVQ-2,
BP9735_SitukAM.2,E15,SitukAM,sample,1.0,Bright,,,PE19,C8,PE19_C08,XUPVQ-2,C8
BP9735_SitukAM.2,F15,,unused,,,,,,,,XUPVQ-2,
BP9735_SitukAM.2,G15,SitukAM,sample,1.0,Bright,,,PE19,D8,PE19_D08,XUPVQ-2,D8
BP9735_SitukAM.2,H15,,unused,,,,,,,,XUPVQ-2,
BP9735_SitukAM.2,I15,SitukAM,sample,1.0,Bright,,,PE19,E8,PE19_E08,XUPVQ-2,E8
BP9735_SitukAM.2,J15,,unused,,,,,,,,XUPVQ-2,
BP9735_SitukAM.2,K15,SitukAM,sample,1.0,Bright,,,PE19,F8,PE19_F08,XUPVQ-2,F8
BP9735_SitukAM.2,L15,,unused,,,,,,,,XUPVQ-2,
BP9735_SitukAM.2,M15,SitukAM,sample,1.0,Bright,,,PE19,G8,PE19_G08,XUPVQ-2,G8
BP9735_SitukAM.2,N15,,unused,,,,,,,,XUPVQ-2,
BP9735_SitukAM.2,O15,SitukAM,sample,1.0,Bright,,,PE19,H8,PE19_H08,XUPVQ-2,H8
BP9735_SitukAM.2,P15,,unused,,,,,,,,XUPVQ-2,
BP9735_SitukAM.2,A16,,unused,,,,,,,,XUPVQ-2,
BP9735_SitukAM.2,B16,,unused,,,,,,,,XUPVQ-2,
BP9735_SitukAM.2,C16,,unused,,,,,,,,XUPVQ-2,
BP9735_SitukAM.2,D16,,unused,,,,,,,,XUPVQ-2,
BP9735_SitukAM.2,E16,,unused,,,,,,,,XUPVQ-2,
BP9735_SitukAM.2,F16,,unused,,,,,,,,XUPVQ-2,
BP9735_SitukAM.2,G16,,unused,,,,,,,,XUPVQ-2,
BP9735_SitukAM.2,H16,,unused,,,,,,,,XUPVQ-2,
BP9735_SitukAM.2,I16,,unused,,,,,,,,XUPVQ-2,
BP9735_SitukAM.2,J16,,unused,,,,,,,,XUPVQ-2,
BP9735_SitukAM.2,K16,,unused,,,,,,,,XUPVQ-2,
BP9735_SitukAM.2,L16,,unused,,,,,,,,XUPVQ-2,
BP9735_SitukAM.2,M16,,unused,,,,,,,,XUPVQ-2,
BP9735_SitukAM.2,N16,,unused,,,,,,,,XUPVQ-2,
BP9735_SitukAM.2,O16,,unused,,,,,,,,XUPVQ-2,
BP9735_SitukAM.2,P16,,unused,,,,,,,,XUPVQ-2,
BP9735_SitukAM.2,A17,SitukAM,sample,1.0,Bright,,,PE19,A9,PE19_A09,XUPVQ-2,A9
BP9735_SitukAM.2,B17,,unused,,,,,,,,XUPVQ-2,
BP9735_SitukAM.2,C17,SitukAM,sample,1.0,Bright,,,PE19,B9,PE19_B09,XUPVQ-2,B9
BP9735_SitukAM.2,D17,,unused,,,,,,,,XUPVQ-2,
BP9735_SitukAM.2,E17,SitukAM,sample,1.0,Bright,,,PE19,C9,PE19_C09,XUPVQ-2,C9
BP9735_SitukAM.2,F17,,unused,,,,,,,,XUPVQ-2,
BP9735_SitukAM.2,G17,SitukAM,sample,1.0,Bright,,,PE19,D9,PE19_D09,XUPVQ-2,D9
BP9735_SitukAM.2,H17,,unused,,,,,,,,XUPVQ-2,
BP9735_SitukAM.2,I17,SitukAM,sample,1.0,Bright,,,PE19,E9,PE19_E09,XUPVQ-2,E9
BP9735_SitukAM.2,J17,,unused,,,,,,,,XUPVQ-2,
BP9735_SitukAM.2,K17,SitukAM,sample,1.0,Bright,,,PE19,F9,PE19_F09,XUPVQ-2,F9
BP9735_SitukAM.2,L17,,unused,,,,,,,,XUPVQ-2,
BP9735_SitukAM.2,M17,SitukAM,sample,1.0,Bright,,,PE19,G9,PE19_G09,XUPVQ-2,G9
BP9735_SitukAM.2,N17,,unused,,,,,,,,XUPVQ-2,
BP9735_SitukAM.2,O17,SitukAM,sample,1.0,Bright,,,PE19,H9,PE19_H09,XUPVQ-2,H9
BP9735_SitukAM.2,P17,,unused,,,,,,,,XUPVQ-2,
BP9735_SitukAM.2,A18,,unused,,,,,,,,XUPVQ-2,
BP9735_SitukAM.2,B18,,unused,,,,,,,,XUPVQ-2,
BP9735_SitukAM.2,C18,,unused,,,,,,,,XUPVQ-2,
BP9735_SitukAM.2,D18,,unused,,,,,,,,XUPVQ-2,
BP9735_SitukAM.2,E18,,unused,,,,,,,,XUPVQ-2,
BP9735_SitukAM.2,F18,,unused,,,,,,,,XUPVQ-2,
BP9735_SitukAM.2,G18,,unused,,,,,,,,XUPVQ-2,
BP9735_SitukAM.2,H18,,unused,,,,,,,,XUPVQ-2,
BP9735_SitukAM.2,I18,,unused,,,,,,,,XUPVQ-2,
BP9735_SitukAM.2,J18,,unused,,,,,,,,XUPVQ-2,
BP9735_SitukAM.2,K18,,unused,,,,,,,,XUPVQ-2,
BP9735_SitukAM.2,L18,,unused,,,,,,,,XUPVQ-2,
BP9735_SitukAM.2,M18,,unused,,,,,,,,XUPVQ-2,
BP9735_SitukAM.2,N18,,unused,,,,,,,,XUPVQ-2,
BP9735_SitukAM.2,O18,,unused,,,,,,,,XUPVQ-2,
BP9735_SitukAM.2,P18,,unused,,,,,,,,XUPVQ-2,
BP9735_SitukAM.2,A19,SitukAM,sample,1.0,Bright,,,PE19,A10,PE19_A10,XUPVQ-2,A10
BP9735_SitukAM.2,B19,,unused,,,,,,,,XUPVQ-2,
BP9735_SitukAM.2,C19,SitukAM,sample,1.0,Bright,,,PE19,B10,PE19_B10,XUPVQ-2,B10
BP9735_SitukAM.2,D19,,unused,,,,,,,,XUPVQ-2,
BP9735_SitukAM.2,E19,SitukAM,sample,1.0,Bright,,,PE19,C10,PE19_C10,XUPVQ-2,C10
BP9735_SitukAM.2,F19,,unused,,,,,,,,XUPVQ-2,
BP9735_SitukAM.2,G19,SitukAM,sample,1.0,Bright,,,PE19,D10,PE19_D10,XUPVQ-2,D10
BP9735_SitukAM.2,H19,,unused,,,,,,,,XUPVQ-2,
BP9735_SitukAM.2,I19,SitukAM,sample,1.0,Bright,,,PE19,E10,PE19_E10,XUPVQ-2,E10
BP9735_SitukAM.2,J19,,unused,,,,,,,,XUPVQ-2,
BP9735_SitukAM.2,K19,SitukAM,sample,1.0,Bright,,,PE19,F10,PE19_F10,XUPVQ-2,F10
BP9735_SitukAM.2,L19,,unused,,,,,,,,XUPVQ-2,
BP9735_SitukAM.2,M19,SitukAM,sample,1.0,Bright,,,PE19,G10,PE19_G10,XUPVQ-2,G10
BP9735_SitukAM.2,N19,,unused,,,,,,,,XUPVQ-2,
BP9735_SitukAM.2,O19,SitukAM,sample,1.0,Bright,,,PE19,H10,PE19_H10,XUPVQ-2,H10
BP9735_SitukAM.2,P19,,unused,,,,,,,,XUPVQ-2,
BP9735_SitukAM.2,A20,,unused,,,,,,,,XUPVQ-2,
BP9735_SitukAM.2,B20,,unused,,,,,,,,XUPVQ-2,
BP9735_SitukAM.2,C20,,unused,,,,,,,,XUPVQ-2,
BP9735_SitukAM.2,D20,,unused,,,,,,,,XUPVQ-2,
BP9735_SitukAM.2,E20,,unused,,,,,,,,XUPVQ-2,
BP9735_SitukAM.2,F20,,unused,,,,,,,,XUPVQ-2,
BP9735_SitukAM.2,G20,,unused,,,,,,,,XUPVQ-2,
BP9735_SitukAM.2,H20,,unused,,,,,,,,XUPVQ-2,
BP9735_SitukAM.2,I20,,unused,,,,,,,,XUPVQ-2,
BP9735_SitukAM.2,J20,,unused,,,,,,,,XUPVQ-2,
BP9735_SitukAM.2,K20,,unused,,,,,,,,XUPVQ-2,
BP9735_SitukAM.2,L20,,unused,,,,,,,,XUPVQ-2,
BP9735_SitukAM.2,M20,,unused,,,,,,,,XUPVQ-2,
BP9735_SitukAM.2,N20,,unused,,,,,,,,XUPVQ-2,
BP9735_SitukAM.2,O20,,unused,,,,,,,,XUPVQ-2,
BP9735_SitukAM.2,P20,,unused,,,,,,,,XUPVQ-2,
BP9735_SitukAM.2,A21,SitukAM,sample,1.0,Bright,,,PE19,A11,PE19_A11,XUPVQ-2,A11
BP9735_SitukAM.2,B21,,unused,,,,,,,,XUPVQ-2,
BP9735_SitukAM.2,C21,SitukAM,sample,1.0,Bright,,,PE19,B11,PE19_B11,XUPVQ-2,B11
BP9735_SitukAM.2,D21,,unused,,,,,,,,XUPVQ-2,
BP9735_SitukAM.2,E21,SitukAM,sample,1.0,Bright,,,PE19,C11,PE19_C11,XUPVQ-2,C11
BP9735_SitukAM.2,F21,,unused,,,,,,,,XUPVQ-2,
BP9735_SitukAM.2,G21,SitukAM,sample,1.0,Bright,,,PE19,D11,PE19_D11,XUPVQ-2,D11
BP9735_SitukAM.2,H21,,unused,,,,,,,,XUPVQ-2,
BP9735_SitukAM.2,I21,SitukAM,sample,1.0,Bright,,,PE19,E11,PE19_E11,XUPVQ-2,E11
BP9735_SitukAM.2,J21,,unused,,,,,,,,XUPVQ-2,
BP9735_SitukAM.2,K21,SitukAM,sample,1.0,Bright,,,PE19,F11,PE19_F11,XUPVQ-2,F11
BP9735_SitukAM.2,L21,,unused,,,,,,,,XUPVQ-2,
BP9735_SitukAM.2,M21,SitukAM,sample,1.0,Bright,,,PE19,G11,PE19_G11,XUPVQ-2,G11
BP9735_SitukAM.2,N21,,unused,,,,,,,,XUPVQ-2,
BP9735_SitukAM.2,O21,SitukAM,sample,1.0,Bright,,,PE19,H11,PE19_H11,XUPVQ-2,H11
BP9735_SitukAM.2,P21,,unused,,,,,,,,XUPVQ-2,
BP9735_SitukAM.2,A22,,unused,,,,,,,,XUPVQ-2,
BP9735_SitukAM.2,B22,,unused,,,,,,,,XUPVQ-2,
BP9735_SitukAM.2,C22,,unused,,,,,,,,XUPVQ-2,
BP9735_SitukAM.2,D22,,unused,,,,,,,,XUPVQ-2,
BP9735_SitukAM.2,E22,,unused,,,,,,,,XUPVQ-2,
BP9735_SitukAM.2,F22,,unused,,,,,,,,XUPVQ-2,
BP9735_SitukAM.2,G22,,unused,,,,,,,,XUPVQ-2,
BP9735_SitukAM.2,H22,,unused,,,,,,,,XUPVQ-2,
BP9735_SitukAM.2,I22,,unused,,,,,,,,XUPVQ-2,
BP9735_SitukAM.2,J22,,unused,,,,,,,,XUPVQ-2,
BP9735_SitukAM.2,K22,,unused,,,,,,,,XUPVQ-2,
BP9735_SitukAM.2,L22,,unused,,,,,,,,XUPVQ-2,
BP9735_SitukAM.2,M22,,unused,,,,,,,,XUPVQ-2,
BP9735_SitukAM.2,N22,,unused,,,,,,,,XUPVQ-2,
BP9735_SitukAM.2,O22,,unused,,,,,,,,XUPVQ-2,
BP9735_SitukAM.2,P22,,unused,,,,,,,,XUPVQ-2,
BP9735_SitukAM.2,A23,,neg_cntrl,0.0,empty,,,PE19,A12,PE19_A12,XUPVQ-2,A12
BP9735_SitukAM.2,B23,,unused,,,,,,,,XUPVQ-2,
BP9735_SitukAM.2,C23,,neg_cntrl,0.0,empty,,,PE19,B12,PE19_B12,XUPVQ-2,B12
BP9735_SitukAM.2,D23,,unused,,,,,,,,XUPVQ-2,
BP9735_SitukAM.2,E23,,pos_cntrl,,DNA,,,PE19,C12,PE19_C12,XUPVQ-2,C12
BP9735_SitukAM.2,F23,,unused,,,,,,,,XUPVQ-2,
BP9735_SitukAM.2,G23,,pos_cntrl,,DNA,,,PE19,D12,PE19_D12,XUPVQ-2,D12
BP9735_SitukAM.2,H23,,unused,,,,,,,,XUPVQ-2,
BP9735_SitukAM.2,I23,,unused,,,,,,,,XUPVQ-2,
BP9735_SitukAM.2,J23,,unused,,,,,,,,XUPVQ-2,
BP9735_SitukAM.2,K23,,unused,,,,,,,,XUPVQ-2,
BP9735_SitukAM.2,L23,,unused,,,,,,,,XUPVQ-2,
BP9735_SitukAM.2,M23,,unused,,,,,,,,XUPVQ-2,
BP9735_SitukAM.2,N23,,unused,,,,,,,,XUPVQ-2,
BP9735_SitukAM.2,O23,,unused,,,,,,,,XUPVQ-2,
BP9735_SitukAM.2,P23,,unused,,,,,,,,XUPVQ-2,
BP9735_SitukAM.2,A24,,unused,,,,,,,,XUPVQ-2,
BP9735_SitukAM.2,B24,,unused,,,,,,,,XUPVQ-2,
BP9735_SitukAM.2,C24,,unused,,,,,,,,XUPVQ-2,
BP9735_SitukAM.2,D24,,unused,,,,,,,,XUPVQ-2,
BP9735_SitukAM.2,E24,,unused,,,,,,,,XUPVQ-2,
BP9735_SitukAM.2,F24,,unused,,,,,,,,XUPVQ-2,
BP9735_SitukAM.2,G24,,unused,,,,,,,,XUPVQ-2,
BP9735_SitukAM.2,H24,,unused,,,,,,,,XUPVQ-2,
BP9735_SitukAM.2,I24,,unused,,,,,,,,XUPVQ-2,
BP9735_SitukAM.2,J24,,unused,,,,,,,,XUPVQ-2,
BP9735_SitukAM.2,K24,,unused,,,,,,,,XUPVQ-2,
BP9735_SitukAM.2,L24,,unused,,,,,,,,XUPVQ-2,
BP9735_SitukAM.2,M24,,unused,,,,,,,,XUPVQ-2,
BP9735_SitukAM.2,N24,,unused,,,,,,,,XUPVQ-2,
BP9735_SitukAM.2,O24,,unused,,,,,,,,XUPVQ-2,
BP9735_SitukAM.2,P24,,unused,,,,,,,,XUPVQ-2,
BP4444_RexRM.1,A1,RexRM,sample,1.0,Bright,,,PE20,A1,PE20_A01,XUPVQ-3,A1
BP4444_RexRM.1,B1,,unused,,,,,,,,XUPVQ-3,
BP4444_RexRM.1,C1,RexRM,sample,1.0,Bright,,,PE20,B1,PE20_B01,XUPVQ-3,B1
BP4444_RexRM.1,D1,,unused,,,,,,,,XUPVQ-3,
BP4444_RexRM.1,E1,RexRM,sample,1.0,Bright,,,PE20,C1,PE20_C01,XUPVQ-3,C1
BP4444_RexRM.1,F1,,unused,,,,,,,,XUPVQ-3,
BP4444_RexRM.1,G1,RexRM,sample,1.0,Bright,,,PE20,D1,PE20_D01,XUPVQ-3,D1
BP4444_RexRM.1,H1,,unused,,,,,,,,XUPVQ-3,
BP4444_RexRM.1,I1,RexRM,sample,1.0,Bright,,,PE20,E1,PE20_E01,XUPVQ-3,E1
BP4444_RexRM.1,J1,,unused,,,,,,,,XUPVQ-3,
BP4444_RexRM.1,K1,RexRM,sample,1.0,Bright,,,PE20,F1,PE20_F01,XUPVQ-3,F1
BP4444_RexRM.1,L1,,unused,,,,,,,,XUPVQ-3,
BP4444_RexRM.1,M1,RexRM,sample,1.0,Bright,,,PE20,G1,PE20_G01,XUPVQ-3,G1
BP4444_RexRM.1,N1,,unused,,,,,,,,XUPVQ-3,
BP4444_RexRM.1,O1,RexRM,sample,1.0,Bright,,,PE20,H1,PE20_H01,XUPVQ-3,H1
BP4444_RexRM.1,P1,,unused,,,,,,,,XUPVQ-3,
BP4444_RexRM.1,A2,,unused,,,,,,,,XUPVQ-3,
BP4444_RexRM.1,B2,,unused,,,,,,,,XUPVQ-3,
BP4444_RexRM.1,C2,,unused,,,,,,,,XUPVQ-3,
BP4444_RexRM.1,D2,,unused,,,,,,,,XUPVQ-3,
BP4444_RexRM.1,E2,,unused,,,,,,,,XUPVQ-3,
BP4444_RexRM.1,F2,,unused,,,,,,,,XUPVQ-3,
BP4444_RexRM.1,G2,,unused,,,,,,,,XUPVQ-3,
BP4444_RexRM.1,H2,,unused,,,,,,,,XUPVQ-3,
BP4444_RexRM.1,I2,,unused,,,,,,,,XUPVQ-3,
BP4444_RexRM.1,J2,,unused,,,,,,,,XUPVQ-3,
BP4444_RexRM.1,K2,,unused,,,,,,,,XUPVQ-3,
BP4444_RexRM.1,L2,,unused,,,,,,,,XUPVQ-3,
BP4444_RexRM.1,M2,,unused,,,,,,,,XUPVQ-3,
BP4444_RexRM.1,N2,,unused,,,,,,,,XUPVQ-3,
BP4444_RexRM.1,O2,,unused,,,,,,,,XUPVQ-3,
BP4444_RexRM.1,P2,,unused,,,,,,,,XUPVQ-3,
BP4444_RexRM.1,A3,RexRM,sample,1.0,Bright,,,PE20,A2,PE20_A02,XUPVQ-3,A2
BP4444_RexRM.1,B3,,unused,,,,,,,,XUPVQ-3,
BP4444_RexRM.1,C3,RexRM,sample,1.0,Bright,,,PE20,B2,PE20_B02,XUPVQ-3,B2
BP4444_RexRM.1,D3,,unused,,,,,,,,XUPVQ-3,
BP4444_RexRM.1,E3,RexRM,sample,1.0,Bright,,,PE20,C2,PE20_C02,XUPVQ-3,C2
BP4444_RexRM.1,F3,,unused,,,,,,,,XUPVQ-3,
BP4444_RexRM.1,G3,RexRM,sample,1.0,Bright,,,PE20,D2,PE20_D02,XUPVQ-3,D2
BP4444_RexRM.1,H3,,unused,,,,,,,,XUPVQ-3,
BP4444_RexRM.1,I3,RexRM,sample,1.0,Bright,,,PE20,E2,PE20_E02,XUPVQ-3,E2
BP4444_RexRM.1,J3,,unused,,,,,,,,XUPVQ-3,
BP4444_RexRM.1,K3,RexRM,sample,1.0,Bright,,,PE20,F2,PE20_F02,XUPVQ-3,F2
BP4444_RexRM.1,L3,,unused,,,,,,,,XUPVQ-3,
BP4444_RexRM.1,M3,RexRM,sample,1.0,Bright,,,PE20,G2,PE20_G02,XUPVQ-3,G2
BP4444_RexRM.1,N3,,unused,,,,,,,,XUPVQ-3,
BP4444_RexRM.1,O3,RexRM,sample,1.0,Bright,,,PE20,H2,PE20_H02,XUPVQ-3,H2
BP4444_RexRM.1,P3,,unused,,,,,,,,XUPVQ-3,
BP4444_RexRM.1,A4,,unused,,,,,,,,XUPVQ-3,
BP4444_RexRM.1,B4,,unused,,,,,,,,XUPVQ-3,
BP4444_RexRM.1,C4,,unused,,,,,,,,XUPVQ-3,
BP4444_RexRM.1,D4,,unused,,,,,,,,XUPVQ-3,
BP4444_RexRM.1,E4,,unused,,,,,,,,XUPVQ-3,
BP4444_RexRM.1,F4,,unused,,,,,,,,XUPVQ-3,
BP4444_RexRM.1,G4,,unused,,,,,,,,XUPVQ-3,
BP4444_RexRM.1,H4,,unused,,,,,,,,XUPVQ-3,
BP4444_RexRM.1,I4,,unused,,,,,,,,XUPVQ-3,
BP4444_RexRM.1,J4,,unused,,,,,,,,XUPVQ-3,
BP4444_RexRM.1,K4,,unused,,,,,,,,XUPVQ-3,
BP4444_RexRM.1,L4,,unused,,,,,,,,XUPVQ-3,
BP4444_RexRM.1,M4,,unused,,,,,,,,XUPVQ-3,
BP4444_RexRM.1,N4,,unused,,,,,,,,XUPVQ-3,
BP4444_RexRM.1,O4,,unused,,,,,,,,XUPVQ-3,
BP4444_RexRM.1,P4,,unused,,,,,,,,XUPVQ-3,
BP4444_RexRM.1,A5,RexRM,sample,1.0,Bright,,,PE20,A3,PE20_A03,XUPVQ-3,A3
BP4444_RexRM.1,B5,,unused,,,,,,,,XUPVQ-3,
BP4444_RexRM.1,C5,RexRM,sample,1.0,Bright,,,PE20,B3,PE20_B03,XUPVQ-3,B3
BP4444_RexRM.1,D5,,unused,,,,,,,,XUPVQ-3,
BP4444_RexRM.1,E5,RexRM,sample,1.0,Bright,,,PE20,C3,PE20_C03,XUPVQ-3,C3
BP4444_RexRM.1,F5,,unused,,,,,,,,XUPVQ-3,
BP4444_RexRM.1,G5,RexRM,sample,1.0,Bright,,,PE20,D3,PE20_D03,XUPVQ-3,D3
BP4444_RexRM.1,H5,,unused,,,,,,,,XUPVQ-3,
BP4444_RexRM.1,I5,RexRM,sample,1.0,Bright,,,PE20,E3,PE20_E03,XUPVQ-3,E3
BP4444_RexRM.1,J5,,unused,,,,,,,,XUPVQ-3,
BP4444_RexRM.1,K5,RexRM,sample,1.0,Bright,,,PE20,F3,PE20_F03,XUPVQ-3,F3
BP4444_RexRM.1,L5,,unused,,,,,,,,XUPVQ-3,
BP4444_RexRM.1,M5,RexRM,sample,1.0,Bright,,,PE20,G3,PE20_G03,XUPVQ-3,G3
BP4444_RexRM.1,N5,,unused,,,,,,,,XUPVQ-3,
BP4444_RexRM.1,O5,RexRM,sample,1.0,Bright,,,PE20,H3,PE20_H03,XUPVQ-3,H3
BP4444_RexRM.1,P5,,unused,,,,,,,,XUPVQ-3,
BP4444_RexRM.1,A6,,unused,,,,,,,,XUPVQ-3,
BP4444_RexRM.1,B6,,unused,,,,,,,,XUPVQ-3,
BP4444_RexRM.1,C6,,unused,,,,,,,,XUPVQ-3,
BP4444_RexRM.1,D6,,unused,,,,,,,,XUPVQ-3,
BP4444_RexRM.1,E6,,unused,,,,,,,,XUPVQ-3,
BP4444_RexRM.1,F6,,unused,,,,,,,,XUPVQ-3,
BP4444_RexRM.1,G6,,unused,,,,,,,,XUPVQ-3,
BP4444_RexRM.1,H6,,unused,,,,,,,,XUPVQ-3,
BP4444_RexRM.1,I6,,unused,,,,,,,,XUPVQ-3,
BP4444_RexRM.1,J6,,unused,,,,,,,,XUPVQ-3,
BP4444_RexRM.1,K6,,unused,,,,,,,,XUPVQ-3,
BP4444_RexRM.1,L6,,unused,,,,,,,,XUPVQ-3,
BP4444_RexRM.1,M6,,unused,,,,,,,,XUPVQ-3,
BP4444_RexRM.1,N6,,unused,,,,,,,,XUPVQ-3,
BP4444_RexRM.1,O6,,unused,,,,,,,,XUPVQ-3,
BP4444_RexRM.1,P6,,unused,,,,,,,,XUPVQ-3,
BP4444_RexRM.1,A7,RexRM,sample,1.0,Bright,,,PE20,A4,PE20_A04,XUPVQ-3,A4
BP4444_RexRM.1,B7,,unused,,,,,,,,XUPVQ-3,
BP4444_RexRM.1,C7,RexRM,sample,1.0,Bright,,,PE20,B4,PE20_B04,XUPVQ-3,B4
BP4444_RexRM.1,D7,,unused,,,,,,,,XUPVQ-3,
BP4444_RexRM.1,E7,RexRM,sample,1.0,Bright,,,PE20,C4,PE20_C04,XUPVQ-3,C4
BP4444_RexRM.1,F7,,unused,,,,,,,,XUPVQ-3,
BP4444_RexRM.1,G7,RexRM,sample,1.0,Bright,,,PE20,D4,PE20_D04,XUPVQ-3,D4
BP4444_RexRM.1,H7,,unused,,,,,,,,XUPVQ-3,
BP4444_RexRM.1,I7,RexRM,sample,1.0,Bright,,,PE20,E4,PE20_E04,XUPVQ-3,E4
BP4444_RexRM.1,J7,,unused,,,,,,,,XUPVQ-3,
BP4444_RexRM.1,K7,RexRM,sample,1.0,Bright,,,PE20,F4,PE20_F04,XUPVQ-3,F4
BP4444_RexRM.1,L7,,unused,,,,,,,,XUPVQ-3,
BP4444_RexRM.1,M7,RexRM,sample,1.0,Bright,,,PE20,G4,PE20_G04,XUPVQ-3,G4
BP4444_RexRM.1,N7,,unused,,,,,,,,XUPVQ-3,
BP4444_RexRM.1,O7,RexRM,sample,1.0,Bright,,,PE20,H4,PE20_H04,XUPVQ-3,H4
BP4444_RexRM.1,P7,,unused,,,,,,,,XUPVQ-3,
BP4444_RexRM.1,A8,,unused,,,,,,,,XUPVQ-3,
BP4444_RexRM.1,B8,,unused,,,,,,,,XUPVQ-3,
BP4444_RexRM.1,C8,,unused,,,,,,,,XUPVQ-3,
BP4444_RexRM.1,D8,,unused,,,,,,,,XUPVQ-3,
BP4444_RexRM.1,E8,,unused,,,,,,,,XUPVQ-3,
BP4444_RexRM.1,F8,,unused,,,,,,,,XUPVQ-3,
BP4444_RexRM.1,G8,,unused,,,,,,,,XUPVQ-3,
BP4444_RexRM.1,H8,,unused,,,,,,,,XUPVQ-3,
BP4444_RexRM.1,I8,,unused,,,,,,,,XUPVQ-3,
BP4444_RexRM.1,J8,,unused,,,,,,,,XUPVQ-3,
BP4444_RexRM.1,K8,,unused,,,,,,,,XUPVQ-3,
BP4444_RexRM.1,L8,,unused,,,,,,,,XUPVQ-3,
BP4444_RexRM.1,M8,,unused,,,,,,,,XUPVQ-3,
BP4444_RexRM.1,N8,,unused,,,,,,,,XUPVQ-3,
BP4444_RexRM.1,O8,,unused,,,,,,,,XUPVQ-3,
BP4444_RexRM.1,P8,,unused,,,,,,,,XUPVQ-3,
BP4444_RexRM.1,A9,RexRM,sample,1.0,Bright,,,PE20,A5,PE20_A05,XUPVQ-3,A5
BP4444_RexRM.1,B9,,unused,,,,,,,,XUPVQ-3,
BP4444_RexRM.1,C9,RexRM,sample,1.0,Bright,,,PE20,B5,PE20_B05,XUPVQ-3,B5
BP4444_RexRM.1,D9,,unused,,,,,,,,XUPVQ-3,
BP4444_RexRM.1,E9,RexRM,sample,1.0,Bright,,,PE20,C5,PE20_C05,XUPVQ-3,C5
BP4444_RexRM.1,F9,,unused,,,,,,,,XUPVQ-3,
BP4444_RexRM.1,G9,RexRM,sample,1.0,Bright,,,PE20,D5,PE20_D05,XUPVQ-3,D5
BP4444_RexRM.1,H9,,unused,,,,,,,,XUPVQ-3,
BP4444_RexRM.1,I9,RexRM,sample,1.0,Bright,,,PE20,E5,PE20_E05,XUPVQ-3,E5
BP4444_RexRM.1,J9,,unused,,,,,,,,XUPVQ-3,
BP4444_RexRM.1,K9,RexRM,sample,1.0,Bright,,,PE20,F5,PE20_F05,XUPVQ-3,F5
BP4444_RexRM.1,L9,,unused,,,,,,,,XUPVQ-3,
BP4444_RexRM.1,M9,RexRM,sample,1.0,Bright,,,PE20,G5,PE20_G05,XUPVQ-3,G5
BP4444_RexRM.1,N9,,unused,,,,,,,,XUPVQ-3,
BP4444_RexRM.1,O9,RexRM,sample,1.0,Bright,,,PE20,H5,PE20_H05,XUPVQ-3,H5
BP4444_RexRM.1,P9,,unused,,,,,,,,XUPVQ-3,
BP4444_RexRM.1,A10,,unused,,,,,,,,XUPVQ-3,
BP4444_RexRM.1,B10,,unused,,,,,,,,XUPVQ-3,
BP4444_RexRM.1,C10,,unused,,,,,,,,XUPVQ-3,
BP4444_RexRM.1,D10,,unused,,,,,,,,XUPVQ-3,
BP4444_RexRM.1,E10,,unused,,,,,,,,XUPVQ-3,
BP4444_RexRM.1,F10,,unused,,,,,,,,XUPVQ-3,
BP4444_RexRM.1,G10,,unused,,,,,,,,XUPVQ-3,
BP4444_RexRM.1,H10,,unused,,,,,,,,XUPVQ-3,
BP4444_RexRM.1,I10,,unused,,,,,,,,XUPVQ-3,
BP4444_RexRM.1,J10,,unused,,,,,,,,XUPVQ-3,
BP4444_RexRM.1,K10,,unused,,,,,,,,XUPVQ-3,
BP4444_RexRM.1,L10,,unused,,,,,,,,XUPVQ-3,
BP4444_RexRM.1,M10,,unused,,,,,,,,XUPVQ-3,
BP4444_RexRM.1,N10,,unused,,,,,,,,XUPVQ-3,
BP4444_RexRM.1,O10,,unused,,,,,,,,XUPVQ-3,
BP4444_RexRM.1,P10,,unused,,,,,,,,XUPVQ-3,
BP4444_RexRM.1,A11,RexRM,sample,1.0,Bright,,,PE20,A6,PE20_A06,XUPVQ-3,A6
BP4444_RexRM.1,B11,,unused,,,,,,,,XUPVQ-3,
BP4444_RexRM.1,C11,RexRM,sample,1.0,Bright,,,PE20,B6,PE20_B06,XUPVQ-3,B6
BP4444_RexRM.1,D11,,unused,,,,,,,,XUPVQ-3,
BP4444_RexRM.1,E11,RexRM,sample,1.0,Bright,,,PE20,C6,PE20_C06,XUPVQ-3,C6
BP4444_RexRM.1,F11,,unused,,,,,,,,XUPVQ-3,
BP4444_RexRM.1,G11,RexRM,sample,1.0,Bright,,,PE20,D6,PE20_D06,XUPVQ-3,D6
BP4444_RexRM.1,H11,,unused,,,,,,,,XUPVQ-3,
BP4444_RexRM.1,I11,RexRM,sample,1.0,Bright,,,PE20,E6,PE20_E06,XUPVQ-3,E6
BP4444_RexRM.1,J11,,unused,,,,,,,,XUPVQ-3,
BP4444_RexRM.1,K11,RexRM,sample,1.0,Bright,,,PE20,F6,PE20_F06,XUPVQ-3,F6
BP4444_RexRM.1,L11,,unused,,,,,,,,XUPVQ-3,
BP4444_RexRM.1,M11,RexRM,sample,1.0,Bright,,,PE20,G6,PE20_G06,XUPVQ-3,G6
BP4444_RexRM.1,N11,,unused,,,,,,,,XUPVQ-3,
BP4444_RexRM.1,O11,RexRM,sample,1.0,Bright,,,PE20,H6,PE20_H06,XUPVQ-3,H6
BP4444_RexRM.1,P11,,unused,,,,,,,,XUPVQ-3,
BP4444_RexRM.1,A12,,unused,,,,,,,,XUPVQ-3,
BP4444_RexRM.1,B12,,unused,,,,,,,,XUPVQ-3,
BP4444_RexRM.1,C12,,unused,,,,,,,,XUPVQ-3,
BP4444_RexRM.1,D12,,unused,,,,,,,,XUPVQ-3,
BP4444_RexRM.1,E12,,unused,,,,,,,,XUPVQ-3,
BP4444_RexRM.1,F12,,unused,,,,,,,,XUPVQ-3,
BP4444_RexRM.1,G12,,unused,,,,,,,,XUPVQ-3,
BP4444_RexRM.1,H12,,unused,,,,,,,,XUPVQ-3,
BP4444_RexRM.1,I12,,unused,,,,,,,,XUPVQ-3,
BP4444_RexRM.1,J12,,unused,,,,,,,,XUPVQ-3,
BP4444_RexRM.1,K12,,unused,,,,,,,,XUPVQ-3,
BP4444_RexRM.1,L12,,unused,,,,,,,,XUPVQ-3,
BP4444_RexRM.1,M12,,unused,,,,,,,,XUPVQ-3,
BP4444_RexRM.1,N12,,unused,,,,,,,,XUPVQ-3,
BP4444_RexRM.1,O12,,unused,,,,,,,,XUPVQ-3,
BP4444_RexRM.1,P12,,unused,,,,,,,,XUPVQ-3,
BP4444_RexRM.1,A13,RexRM,sample,1.0,Bright,,,PE20,A7,PE20_A07,XUPVQ-3,A7
BP4444_RexRM.1,B13,,unused,,,,,,,,XUPVQ-3,
BP4444_RexRM.1,C13,RexRM,sample,1.0,Bright,,,PE20,B7,PE20_B07,XUPVQ-3,B7
BP4444_RexRM.1,D13,,unused,,,,,,,,XUPVQ-3,
BP4444_RexRM.1,E13,RexRM,sample,1.0,Bright,,,PE20,C7,PE20_C07,XUPVQ-3,C7
BP4444_RexRM.1,F13,,unused,,,,,,,,XUPVQ-3,
BP4444_RexRM.1,G13,RexRM,sample,1.0,Bright,,,PE20,D7,PE20_D07,XUPVQ-3,D7
BP4444_RexRM.1,H13,,unused,,,,,,,,XUPVQ-3,
BP4444_RexRM.1,I13,RexRM,sample,1.0,Bright,,,PE20,E7,PE20_E07,XUPVQ-3,E7
BP4444_RexRM.1,J13,,unused,,,,,,,,XUPVQ-3,
BP4444_RexRM.1,K13,RexRM,sample,1.0,Bright,,,PE20,F7,PE20_F07,XUPVQ-3,F7
BP4444_RexRM.1,L13,,unused,,,,,,,,XUPVQ-3,
BP4444_RexRM.1,M13,RexRM,sample,1.0,Bright,,,PE20,G7,PE20_G07,XUPVQ-3,G7
BP4444_RexRM.1,N13,,unused,,,,,,,,XUPVQ-3,
BP4444_RexRM.1,O13,RexRM,sample,1.0,Bright,,,PE20,H7,PE20_H07,XUPVQ-3,H7
BP4444_RexRM.1,P13,,unused,,,,,,,,XUPVQ-3,
BP4444_RexRM.1,A14,,unused,,,,,,,,XUPVQ-3,
BP4444_RexRM.1,B14,,unused,,,,,,,,XUPVQ-3,
BP4444_RexRM.1,C14,,unused,,,,,,,,XUPVQ-3,
BP4444_RexRM.1,D14,,unused,,,,,,,,XUPVQ-3,
BP4444_RexRM.1,E14,,unused,,,,,,,,XUPVQ-3,
BP4444_RexRM.1,F14,,unused,,,,,,,,XUPVQ-3,
BP4444_RexRM.1,G14,,unused,,,,,,,,XUPVQ-3,
BP4444_RexRM.1,H14,,unused,,,,,,,,XUPVQ-3,
BP4444_RexRM.1,I14,,unused,,,,,,,,XUPVQ-3,
BP4444_RexRM.1,J14,,unused,,,,,,,,XUPVQ-3,
BP4444_RexRM.1,K14,,unused,,,,,,,,XUPVQ-3,
BP4444_RexRM.1,L14,,unused,,,,,,,,XUPVQ-3,
BP4444_RexRM.1,M14,,unused,,,,,,,,XUPVQ-3,
BP4444_RexRM.1,N14,,unused,,,,,,,,XUPVQ-3,
BP4444_RexRM.1,O14,,unused,,,,,,,,XUPVQ-3,
BP4444_RexRM.1,P14,,unused,,,,,,,,XUPVQ-3,
BP4444_RexRM.1,A15,RexRM,sample,1.0,Bright,,,PE20,A8,PE20_A08,XUPVQ-3,A8
BP4444_RexRM.1,B15,,unused,,,,,,,,XUPVQ-3,
BP4444_RexRM.1,C15,RexRM,sample,1.0,Bright,,,PE20,B8,PE20_B08,XUPVQ-3,B8
BP4444_RexRM.1,D15,,unused,,,,,,,,XUPVQ-3,
BP4444_RexRM.1,E15,RexRM,sample,1.0,Bright,,,PE20,C8,PE20_C08,XUPVQ-3,C8
BP4444_RexRM.1,F15,,unused,,,,,,,,XUPVQ-3,
BP4444_RexRM.1,G15,RexRM,sample,1.0,Bright,,,PE20,D8,PE20_D08,XUPVQ-3,D8
BP4444_RexRM.1,H15,,unused,,,,,,,,XUPVQ-3,
BP4444_RexRM.1,I15,RexRM,sample,1.0,Bright,,,PE20,E8,PE20_E08,XUPVQ-3,E8
BP4444_RexRM.1,J15,,unused,,,,,,,,XUPVQ-3,
BP4444_RexRM.1,K15,RexRM,sample,1.0,Bright,,,PE20,F8,PE20_F08,XUPVQ-3,F8
BP4444_RexRM.1,L15,,unused,,,,,,,,XUPVQ-3,
BP4444_RexRM.1,M15,RexRM,sample,1.0,Bright,,,PE20,G8,PE20_G08,XUPVQ-3,G8
BP4444_RexRM.1,N15,,unused,,,,,,,,XUPVQ-3,
BP4444_RexRM.1,O15,RexRM,sample,1.0,Bright,,,PE20,H8,PE20_H08,XUPVQ-3,H8
BP4444_RexRM.1,P15,,unused,,,,,,,,XUPVQ-3,
BP4444_RexRM.1,A16,,unused,,,,,,,,XUPVQ-3,
BP4444_RexRM.1,B16,,unused,,,,,,,,XUPVQ-3,
BP4444_RexRM.1,C16,,unused,,,,,,,,XUPVQ-3,
BP4444_RexRM.1,D16,,unused,,,,,,,,XUPVQ-3,
BP4444_RexRM.1,E16,,unused,,,,,,,,XUPVQ-3,
BP4444_RexRM.1,F16,,unused,,,,,,,,XUPVQ-3,
BP4444_RexRM.1,G16,,unused,,,,,,,,XUPVQ-3,
BP4444_RexRM.1,H16,,unused,,,,,,,,XUPVQ-3,
BP4444_RexRM.1,I16,,unused,,,,,,,,XUPVQ-3,
BP4444_RexRM.1,J16,,unused,,,,,,,,XUPVQ-3,
BP4444_RexRM.1,K16,,unused,,,,,,,,XUPVQ-3,
BP4444_RexRM.1,L16,,unused,,,,,,,,XUPVQ-3,
BP4444_RexRM.1,M16,,unused,,,,,,,,XUPVQ-3,
BP4444_RexRM.1,N16,,unused,,,,,,,,XUPVQ-3,
BP4444_RexRM.1,O16,,unused,,,,,,,,XUPVQ-3,
BP4444_RexRM.1,P16,,unused,,,,,,,,XUPVQ-3,
BP4444_RexRM.1,A17,RexRM,sample,1.0,Bright,,,PE20,A9,PE20_A09,XUPVQ-3,A9
BP4444_RexRM.1,B17,,unused,,,,,,,,XUPVQ-3,
BP4444_RexRM.1,C17,RexRM,sample,1.0,Bright,,,PE20,B9,PE20_B09,XUPVQ-3,B9
BP4444_RexRM.1,D17,,unused,,,,,,,,XUPVQ-3,
BP4444_RexRM.1,E17,RexRM,sample,1.0,Bright,,,PE20,C9,PE20_C09,XUPVQ-3,C9
BP4444_RexRM.1,F17,,unused,,,,,,,,XUPVQ-3,
BP4444_RexRM.1,G17,RexRM,sample,1.0,Bright,,,PE20,D9,PE20_D09,XUPVQ-3,D9
BP4444_RexRM.1,H17,,unused,,,,,,,,XUPVQ-3,
BP4444_RexRM.1,I17,RexRM,sample,1.0,Bright,,,PE20,E9,PE20_E09,XUPVQ-3,E9
BP4444_RexRM.1,J17,,unused,,,,,,,,XUPVQ-3,
BP4444_RexRM.1,K17,RexRM,sample,1.0,Bright,,,PE20,F9,PE20_F09,XUPVQ-3,F9
BP4444_RexRM.1,L17,,unused,,,,,,,,XUPVQ-3,
BP4444_RexRM.1,M17,RexRM,sample,1.0,Bright,,,PE20,G9,PE20_G09,XUPVQ-3,G9
BP4444_RexRM.1,N17,,unused,,,,,,,,XUPVQ-3,
BP4444_RexRM.1,O17,RexRM,sample,1.0,Bright,,,PE20,H9,PE20_H09,XUPVQ-3,H9
BP4444_RexRM.1,P17,,unused,,,,,,,,XUPVQ-3,
BP4444_RexRM.1,A18,,unused,,,,,,,,XUPVQ-3,
BP4444_RexRM.1,B18,,unused,,,,,,,,XUPVQ-3,
BP4444_RexRM.1,C18,,unused,,,,,,,,XUPVQ-3,
BP4444_RexRM.1,D18,,unused,,,,,,,,XUPVQ-3,
BP4444_RexRM.1,E18,,unused,,,,,,,,XUPVQ-3,
BP4444_RexRM.1,F18,,unused,,,,,,,,XUPVQ-3,
BP4444_RexRM.1,G18,,unused,,,,,,,,XUPVQ-3,
BP4444_RexRM.1,H18,,unused,,,,,,,,XUPVQ-3,
BP4444_RexRM.1,I18,,unused,,,,,,,,XUPVQ-3,
BP4444_RexRM.1,J18,,unused,,,,,,,,XUPVQ-3,
BP4444_RexRM.1,K18,,unused,,,,,,,,XUPVQ-3,
BP4444_RexRM.1,L18,,unused,,,,,,,,XUPVQ-3,
BP4444_RexRM.1,M18,,unused,,,,,,,,XUPVQ-3,
BP4444_RexRM.1,N18,,unused,,,,,,,,XUPVQ-3,
BP4444_RexRM.1,O18,,unused,,,,,,,,XUPVQ-3,
BP4444_RexRM.1,P18,,unused,,,,,,,,XUPVQ-3,
BP4444_RexRM.1,A19,RexRM,sample,1.0,Bright,,,PE20,A10,PE20_A10,XUPVQ-3,A10
BP4444_RexRM.1,B19,,unused,,,,,,,,XUPVQ-3,
BP4444_RexRM.1,C19,RexRM,sample,1.0,Bright,,,PE20,B10,PE20_B10,XUPVQ-3,B10
BP4444_RexRM.1,D19,,unused,,,,,,,,XUPVQ-3,
BP4444_RexRM.1,E19,RexRM,sample,1.0,Bright,,,PE20,C10,PE20_C10,XUPVQ-3,C10
BP4444_RexRM.1,F19,,unused,,,,,,,,XUPVQ-3,
BP4444_RexRM.1,G19,RexRM,sample,1.0,Bright,,,PE20,D10,PE20_D10,XUPVQ-3,D10
BP4444_RexRM.1,H19,,unused,,,,,,,,XUPVQ-3,
BP4444_RexRM.1,I19,RexRM,sample,1.0,Bright,,,PE20,E10,PE20_E10,XUPVQ-3,E10
BP4444_RexRM.1,J19,,unused,,,,,,,,XUPVQ-3,
BP4444_RexRM.1,K19,RexRM,sample,1.0,Bright,,,PE20,F10,PE20_F10,XUPVQ-3,F10
BP4444_RexRM.1,L19,,unused,,,,,,,,XUPVQ-3,
BP4444_RexRM.1,M19,RexRM,sample,1.0,Bright,,,PE20,G10,PE20_G10,XUPVQ-3,G10
BP4444_RexRM.1,N19,,unused,,,,,,,,XUPVQ-3,
BP4444_RexRM.1,O19,RexRM,sample,1.0,Bright,,,PE20,H10,PE20_H10,XUPVQ-3,H10
BP4444_RexRM.1,P19,,unused,,,,,,,,XUPVQ-3,
BP4444_RexRM.1,A20,,unused,,,,,,,,XUPVQ-3,
BP4444_RexRM.1,B20,,unused,,,,,,,,XUPVQ-3,
BP4444_RexRM.1,C20,,unused,,,,,,,,XUPVQ-3,
BP4444_RexRM.1,D20,,unused,,,,,,,,XUPVQ-3,
BP4444_RexRM.1,E20,,unused,,,,,,,,XUPVQ-3,
BP4444_RexRM.1,F20,,unused,,,,,,,,XUPVQ-3,
BP4444_RexRM.1,G20,,unused,,,,,,,,XUPVQ-3,
BP4444_RexRM.1,H20,,unused,,,,,,,,XUPVQ-3,
BP4444_RexRM.1,I20,,unused,,,,,,,,XUPVQ-3,
BP4444_RexRM.1,J20,,unused,,,,,,,,XUPVQ-3,
BP4444_RexRM.1,K20,,unused,,,,,,,,XUPVQ-3,
BP4444_RexRM.1,L20,,unused,,,,,,,,XUPVQ-3,
BP4444_RexRM.1,M20,,unused,,,,,,,,XUPVQ-3,
BP4444_RexRM.1,N20,,unused,,,,,,,,XUPVQ-3,
BP4444_RexRM.1,O20,,unused,,,,,,,,XUPVQ-3,
BP4444_RexRM.1,P20,,unused,,,,,,,,XUPVQ-3,
BP4444_RexRM.1,A21,RexRM,sample,1.0,Bright,,,PE20,A11,PE20_A11,XUPVQ-3,A11
BP4444_RexRM.1,B21,,unused,,,,,,,,XUPVQ-3,
BP4444_RexRM.1,C21,RexRM,sample,1.0,Bright,,,PE20,B11,PE20_B11,XUPVQ-3,B11
BP4444_RexRM.1,D21,,unused,,,,,,,,XUPVQ-3,
BP4444_RexRM.1,E21,RexRM,sample,1.0,Bright,,,PE20,C11,PE20_C11,XUPVQ-3,C11
BP4444_RexRM.1,F21,,unused,,,,,,,,XUPVQ-3,
BP4444_RexRM.1,G21,RexRM,sample,1.0,Bright,,,PE20,D11,PE20_D11,XUPVQ-3,D11
BP4444_RexRM.1,H21,,unused,,,,,,,,XUPVQ-3,
BP4444_RexRM.1,I21,RexRM,sample,1.0,Bright,,,PE20,E11,PE20_E11,XUPVQ-3,E11
BP4444_RexRM.1,J21,,unused,,,,,,,,XUPVQ-3,
BP4444_RexRM.1,K21,RexRM,sample,1.0,Bright,,,PE20,F11,PE20_F11,XUPVQ-3,F11
BP4444_RexRM.1,L21,,unused,,,,,,,,XUPVQ-3,
BP4444_RexRM.1,M21,RexRM,sample,1.0,Bright,,,PE20,G11,PE20_G11,XUPVQ-3,G11
BP4444_RexRM.1,N21,,unused,,,,,,,,XUPVQ-3,
BP4444_RexRM.1,O21,RexRM,sample,1.0,Bright,,,PE20,H11,PE20_H11,XUPVQ-3,H11
BP4444_RexRM.1,P21,,unused,,,,,,,,XUPVQ-3,
BP4444_RexRM.1,A22,,unused,,,,,,,,XUPVQ-3,
BP4444_RexRM.1,B22,,unused,,,,,,,,XUPVQ-3,
BP4444_RexRM.1,C22,,unused,,,,,,,,XUPVQ-3,
BP4444_RexRM.1,D22,,unused,,,,,,,,XUPVQ-3,
BP4444_RexRM.1,E22,,unused,,,,,,,,XUPVQ-3,
BP4444_RexRM.1,F22,,unused,,,,,,,,XUPVQ-3,
BP4444_RexRM.1,G22,,unused,,,,,,,,XUPVQ-3,
BP4444_RexRM.1,H22,,unused,,,,,,,,XUPVQ-3,
BP4444_RexRM.1,I22,,unused,,,,,,,,XUPVQ-3,
BP4444_RexRM.1,J22,,unused,,,,,,,,XUPVQ-3,
BP4444_RexRM.1,K22,,unused,,,,,,,,XUPVQ-3,
BP4444_RexRM.1,L22,,unused,,,,,,,,XUPVQ-3,
BP4444_RexRM.1,M22,,unused,,,,,,,,XUPVQ-3,
BP4444_RexRM.1,N22,,unused,,,,,,,,XUPVQ-3,
BP4444_RexRM.1,O22,,unused,,,,,,,,XUPVQ-3,
BP4444_RexRM.1,P22,,unused,,,,,,,,XUPVQ-3,
BP4444_RexRM.1,A23,,neg_cntrl,0.0,empty,,,PE20,A12,PE20_A12,XUPVQ-3,A12
BP4444_RexRM.1,B23,,unused,,,,,,,,XUPVQ-3,
BP4444_RexRM.1,C23,,neg_cntrl,0.0,empty,,,PE20,B12,PE20_B12,XUPVQ-3,B12
BP4444_RexRM.1,D23,,unused,,,,,,,,XUPVQ-3,
BP4444_RexRM.1,E23,,pos_cntrl,,DNA,,,PE20,C12,PE20_C12,XUPVQ-3,C12
BP4444_RexRM.1,F23,,unused,,,,,,,,XUPVQ-3,
BP4444_RexRM.1,G23,,pos_cntrl,,DNA,,,PE20,D12,PE20_D12,XUPVQ-3,D12
BP4444_RexRM.1,H23,,unused,,,,,,,,XUPVQ-3,
BP4444_RexRM.1,I23,,unused,,,,,,,,XUPVQ-3,
BP4444_RexRM.1,J23,,unused,,,,,,,,XUPVQ-3,
BP4444_RexRM.1,K23,,unused,,,,,,,,XUPVQ-3,
BP4444_RexRM.1,L23,,unused,,,,,,,,XUPVQ-3,
BP4444_RexRM.1,M23,,unused,,,,,,,,XUPVQ-3,
BP4444_RexRM.1,N23,,unused,,,,,,,,XUPVQ-3,
BP4444_RexRM.1,O23,,unused,,,,,,,,XUPVQ-3,
BP4444_RexRM.1,P23,,unused,,,,,,,,XUPVQ-3,
BP4444_RexRM.1,A24,,unused,,,,,,,,XUPVQ-3,
BP4444_RexRM.1,B24,,unused,,,,,,,,XUPVQ-3,
BP4444_RexRM.1,C24,,unused,,,,,,,,XUPVQ-3,
BP4444_RexRM.1,D24,,unused,,,,,,,,XUPVQ-3,
BP4444_RexRM.1,E24,,unused,,,,,,,,XUPVQ-3,
BP4444_RexRM.1,F24,,unused,,,,,,,,XUPVQ-3,
BP4444_RexRM.1,G24,,unused,,,,,,,,XUPVQ-3,
BP4444_RexRM.1,H24,,unused,,,,,,,,XUPVQ-3,
BP4444_RexRM.1,I24,,unused,,,,,,,,XUPVQ-3,
BP4444_RexRM.1,J24,,unused,,,,,,,,XUPVQ-3,
BP4444_RexRM.1,K24,,unused,,,,,,,,XUPVQ-3,
BP4444_RexRM.1,L24,,unused,,,,,,,,XUPVQ-3,
BP4444_RexRM.1,M24,,unused,,,,,,,,XUPVQ-3,
BP4444_RexRM.1,N24,,unused,,,,,,,,XUPVQ-3,
BP4444_RexRM.1,O24,,unused,,,,,,,,XUPVQ-3,
BP4444_RexRM.1,P24,,unused,,,,,,,,XUPVQ-3,
BP9735_FULL.1,A1,FULL,sample,1.0,BRIGHT,,,PE17,A1,PE17_A01,XUPVQ-6,A1
BP9735_FULL.1,B1,FULL,sample,1.0,BRIGHT,,,PE18,A1,PE18_A01,XUPVQ-6,A2
BP9735_FULL.1,C1,FULL,sample,1.0,BRIGHT,,,PE17,B1,PE17_B01,XUPVQ-6,B1
BP9735_FULL.1,D1,FULL,sample,1.0,BRIGHT,,,PE18,B1,PE18_B01,XUPVQ-6,B2
BP9735_FULL.1,E1,FULL,sample,1.0,BRIGHT,,,PE17,C1,PE17_C01,XUPVQ-6,C1
BP9735_FULL.1,F1,FULL,sample,1.0,BRIGHT,,,PE18,C1,PE18_C01,XUPVQ-6,C2
BP9735_FULL.1,G1,FULL,sample,1.0,BRIGHT,,,PE17,D1,PE17_D01,XUPVQ-6,D1
BP9735_FULL.1,H1,FULL,sample,1.0,BRIGHT,,,PE18,D1,PE18_D01,XUPVQ-6,D2
BP9735_FULL.1,I1,FULL,sample,1.0,BRIGHT,,,PE17,E1,PE17_E01,XUPVQ-6,E1
BP9735_FULL.1,J1,FULL,sample,1.0,BRIGHT,,,PE18,E1,PE18_E01,XUPVQ-6,E2
BP9735_FULL.1,K1,FULL,sample,1.0,BRIGHT,,,PE17,F1,PE17_F01,XUPVQ-6,F1
BP9735_FULL.1,L1,FULL,sample,1.0,BRIGHT,,,PE18,F1,PE18_F01,XUPVQ-6,F2
BP9735_FULL.1,M1,FULL,sample,1.0,BRIGHT,,,PE17,G1,PE17_G01,XUPVQ-6,G1
BP9735_FULL.1,N1,FULL,sample,1.0,BRIGHT,,,PE18,G1,PE18_G01,XUPVQ-6,G2
BP9735_FULL.1,O1,FULL,sample,1.0,BRIGHT,,,PE17,H1,PE17_H01,XUPVQ-6,H1
BP9735_FULL.1,P1,FULL,sample,1.0,BRIGHT,,,PE18,H1,PE18_H01,XUPVQ-6,H2
BP9735_FULL.1,A2,FULL,sample,1.0,BRIGHT,,,PE19,A1,PE19_A01,XUPVQ-6,A3
BP9735_FULL.1,B2,FULL,sample,1.0,BRIGHT,,,PE20,A1,PE20_A01,XUPVQ-6,A4
BP9735_FULL.1,C2,FULL,sample,1.0,BRIGHT,,,PE19,B1,PE19_B01,XUPVQ-6,B3
BP9735_FULL.1,D2,FULL,sample,1.0,BRIGHT,,,PE20,B1,PE20_B01,XUPVQ-6,B4
BP9735_FULL.1,E2,FULL,sample,1.0,BRIGHT,,,PE19,C1,PE19_C01,XUPVQ-6,C3
BP9735_FULL.1,F2,FULL,sample,1.0,BRIGHT,,,PE20,C1,PE20_C01,XUPVQ-6,C4
BP9735_FULL.1,G2,FULL,sample,1.0,BRIGHT,,,PE19,D1,PE19_D01,XUPVQ-6,D3
BP9735_FULL.1,H2,FULL,sample,1.0,BRIGHT,,,PE20,D1,PE20_D01,XUPVQ-6,D4
BP9735_FULL.1,I2,FULL,sample,1.0,BRIGHT,,,PE19,E1,PE19_E01,XUPVQ-6,E3
BP9735_FULL.1,J2,FULL,sample,1.0,BRIGHT,,,PE20,E1,PE20_E01,XUPVQ-6,E4
BP9735_FULL.1,K2,FULL,sample,1.0,BRIGHT,,,PE19,F1,PE19_F01,XUPVQ-6,F3
BP9735_FULL.1,L2,FULL,sample,1.0,BRIGHT,,,PE20,F1,PE20_F01,XUPVQ-6,F4
BP9735_FULL.1,M2,FULL,sample,1.0,BRIGHT,,,PE19,G1,PE19_G01,XUPVQ-6,G3
BP9735_FULL.1,N2,FULL,sample,1.0,BRIGHT,,,PE20,G1,PE20_G01,XUPVQ-6,G4
BP9735_FULL.1,O2,FULL,sample,1.0,BRIGHT,,,PE19,H1,PE19_H01,XUPVQ-6,H3
BP9735_FULL.1,P2,FULL,sample,1.0,BRIGHT,,,PE20,H1,PE20_H01,XUPVQ-6,H4
BP9735_FULL.1,A3,FULL,sample,1.0,BRIGHT,,,PE17,A2,PE17_A02,XUPVQ-6,A5
BP9735_FULL.1,B3,FULL,sample,1.0,BRIGHT,,,PE18,A2,PE18_A02,XUPVQ-6,A6
BP9735_FULL.1,C3,FULL,sample,1.0,BRIGHT,,,PE17,B2,PE17_B02,XUPVQ-6,B5
BP9735_FULL.1,D3,FULL,sample,1.0,BRIGHT,,,PE18,B2,PE18_B02,XUPVQ-6,B6
BP9735_FULL.1,E3,FULL,sample,1.0,BRIGHT,,,PE17,C2,PE17_C02,XUPVQ-6,C5
BP9735_FULL.1,F3,FULL,sample,1.0,BRIGHT,,,PE18,C2,PE18_C02,XUPVQ-6,C6
BP9735_FULL.1,G3,FULL,sample,1.0,BRIGHT,,,PE17,D2,PE17_D02,XUPVQ-6,D5
BP9735_FULL.1,H3,FULL,sample,1.0,BRIGHT,,,PE18,D2,PE18_D02,XUPVQ-6,D6
BP9735_FULL.1,I3,FULL,sample,1.0,BRIGHT,,,PE17,E2,PE17_E02,XUPVQ-6,E5
BP9735_FULL.1,J3,FULL,sample,1.0,BRIGHT,,,PE18,E2,PE18_E02,XUPVQ-6,E6
BP9735_FULL.1,K3,FULL,sample,1.0,BRIGHT,,,PE17,F2,PE17_F02,XUPVQ-6,F5
BP9735_FULL.1,L3,FULL,sample,1.0,BRIGHT,,,PE18,F2,PE18_F02,XUPVQ-6,F6
BP9735_FULL.1,M3,FULL,sample,1.0,BRIGHT,,,PE17,G2,PE17_G02,XUPVQ-6,G5
BP9735_FULL.1,N3,FULL,sample,1.0,BRIGHT,,,PE18,G2,PE18_G02,XUPVQ-6,G6
BP9735_FULL.1,O3,FULL,sample,1.0,BRIGHT,,,PE17,H2,PE17_H02,XUPVQ-6,H5
BP9735_FULL.1,P3,FULL,sample,1.0,BRIGHT,,,PE18,H2,PE18_H02,XUPVQ-6,H6
BP9735_FULL.1,A4,FULL,sample,1.0,BRIGHT,,,PE19,A2,PE19_A02,XUPVQ-6,
BP9735_FULL.1,B4,FULL,sample,1.0,BRIGHT,,,PE20,A2,PE20_A02,XUPVQ-6,
BP9735_FULL.1,C4,FULL,sample,1.0,BRIGHT,,,PE19,B2,PE19_B02,XUPVQ-6,
BP9735_FULL.1,D4,FULL,sample,1.0,BRIGHT,,,PE20,B2,PE20_B02,XUPVQ-6,
BP9735_FULL.1,E4,FULL,sample,1.0,BRIGHT,,,PE19,C2,PE19_C02,XUPVQ-6,
BP9735_FULL.1,F4,FULL,sample,1.0,BRIGHT,,,PE20,C2,PE20_C02,XUPVQ-6,
BP9735_FULL.1,G4,FULL,sample,1.0,BRIGHT,,,PE19,D2,PE19_D02,XUPVQ-6,
BP9735_FULL.1,H4,FULL,sample,1.0,BRIGHT,,,PE20,D2,PE20_D02,XUPVQ-6,
BP9735_FULL.1,I4,FULL,sample,1.0,BRIGHT,,,PE19,E2,PE19_E02,XUPVQ-6,
BP9735_FULL.1,J4,FULL,sample,1.0,BRIGHT,,,PE20,E2,PE20_E02,XUPVQ-6,
BP9735_FULL.1,K4,FULL,sample,1.0,BRIGHT,,,PE19,F2,PE19_F02,XUPVQ-6,
BP9735_FULL.1,L4,FULL,sample,1.0,BRIGHT,,,PE20,F2,PE20_F02,XUPVQ-6,
BP9735_FULL.1,M4,FULL,sample,1.0,BRIGHT,,,PE19,G2,PE19_G02,XUPVQ-6,
BP9735_FULL.1,N4,FULL,sample,1.0,BRIGHT,,,PE20,G2,PE20_G02,XUPVQ-6,
BP9735_FULL.1,O4,FULL,sample,1.0,BRIGHT,,,PE19,H2,PE19_H02,XUPVQ-6,
BP9735_FULL.1,P4,FULL,sample,1.0,BRIGHT,,,PE20,H2,PE20_H02,XUPVQ-6,
BP9735_FULL.1,A5,FULL,sample,1.0,BRIGHT,,,PE17,A3,PE17_A03,XUPVQ-6,
BP9735_FULL.1,B5,FULL,sample,1.0,BRIGHT,,,PE18,A3,PE18_A03,XUPVQ-6,
BP9735_FULL.1,C5,FULL,sample,1.0,BRIGHT,,,PE17,B3,PE17_B03,XUPVQ-6,
BP9735_FULL.1,D5,FULL,sample,1.0,BRIGHT,,,PE18,B3,PE18_B03,XUPVQ-6,
BP9735_FULL.1,E5,FULL,sample,1.0,BRIGHT,,,PE17,C3,PE17_C03,XUPVQ-6,
BP9735_FULL.1,F5,FULL,sample,1.0,BRIGHT,,,PE18,C3,PE18_C03,XUPVQ-6,
BP9735_FULL.1,G5,FULL,sample,1.0,BRIGHT,,,PE17,D3,PE17_D03,XUPVQ-6,
BP9735_FULL.1,H5,FULL,sample,1.0,BRIGHT,,,PE18,D3,PE18_D03,XUPVQ-6,
BP9735_FULL.1,I5,FULL,sample,1.0,BRIGHT,,,PE17,E3,PE17_E03,XUPVQ-6,
BP9735_FULL.1,J5,FULL,sample,1.0,BRIGHT,,,PE18,E3,PE18_E03,XUPVQ-6,
BP9735_FULL.1,K5,FULL,sample,1.0,BRIGHT,,,PE17,F3,PE17_F03,XUPVQ-6,
BP9735_FULL.1,L5,FULL,sample,1.0,BRIGHT,,,PE18,F3,PE18_F03,XUPVQ-6,
BP9735_FULL.1,M5,FULL,sample,1.0,BRIGHT,,,PE17,G3,PE17_G03,XUPVQ-6,
BP9735_FULL.1,N5,FULL,sample,1.0,BRIGHT,,,PE18,G3,PE18_G03,XUPVQ-6,
BP9735_FULL.1,O5,FULL,sample,1.0,BRIGHT,,,PE17,H3,PE17_H03,XUPVQ-6,
BP9735_FULL.1,P5,FULL,sample,1.0,BRIGHT,,,PE18,H3,PE18_H03,XUPVQ-6,
BP9735_FULL.1,A6,FULL,sample,1.0,BRIGHT,,,PE19,A3,PE19_A03,XUPVQ-6,
BP9735_FULL.1,B6,FULL,sample,1.0,BRIGHT,,,PE20,A3,PE20_A03,XUPVQ-6,
BP9735_FULL.1,C6,FULL,sample,1.0,BRIGHT,,,PE19,B3,PE19_B03,XUPVQ-6,
BP9735_FULL.1,D6,FULL,sample,1.0,BRIGHT,,,PE20,B3,PE20_B03,XUPVQ-6,
BP9735_FULL.1,E6,FULL,sample,1.0,BRIGHT,,,PE19,C3,PE19_C03,XUPVQ-6,
BP9735_FULL.1,F6,FULL,sample,1.0,BRIGHT,,,PE20,C3,PE20_C03,XUPVQ-6,
BP9735_FULL.1,G6,FULL,sample,1.0,BRIGHT,,,PE19,D3,PE19_D03,XUPVQ-6,
BP9735_FULL.1,H6,FULL,sample,1.0,BRIGHT,,,PE20,D3,PE20_D03,XUPVQ-6,
BP9735_FULL.1,I6,FULL,sample,1.0,BRIGHT,,,PE19,E3,PE19_E03,XUPVQ-6,
BP9735_FULL.1,J6,FULL,sample,1.0,BRIGHT,,,PE20,E3,PE20_E03,XUPVQ-6,
BP9735_FULL.1,K6,FULL,sample,1.0,BRIGHT,,,PE19,F3,PE19_F03,XUPVQ-6,
BP9735_FULL.1,L6,FULL,sample,1.0,BRIGHT,,,PE20,F3,PE20_F03,XUPVQ-6,
BP9735_FULL.1,M6,FULL,sample,1.0,BRIGHT,,,PE19,G3,PE19_G03,XUPVQ-6,
BP9735_FULL.1,N6,FULL,sample,1.0,BRIGHT,,,PE20,G3,PE20_G03,XUPVQ-6,
BP9735_FULL.1,O6,FULL,sample,1.0,BRIGHT,,,PE19,H3,PE19_H03,XUPVQ-6,
BP9735_FULL.1,P6,FULL,sample,1.0,BRIGHT,,,PE20,H3,PE20_H03,XUPVQ-6,
BP9735_FULL.1,A7,FULL,sample,1.0,BRIGHT,,,PE17,A4,PE17_A04,XUPVQ-6,
BP9735_FULL.1,B7,FULL,sample,1.0,BRIGHT,,,PE18,A4,PE18_A04,XUPVQ-6,
BP9735_FULL.1,C7,FULL,sample,1.0,BRIGHT,,,PE17,B4,PE17_B04,XUPVQ-6,
BP9735_FULL.1,D7,FULL,sample,1.0,BRIGHT,,,PE18,B4,PE18_B04,XUPVQ-6,
BP9735_FULL.1,E7,FULL,sample,1.0,BRIGHT,,,PE17,C4,PE17_C04,XUPVQ-6,
BP9735_FULL.1,F7,FULL,sample,1.0,BRIGHT,,,PE18,C4,PE18_C04,XUPVQ-6,
BP9735_FULL.1,G7,FULL,sample,1.0,BRIGHT,,,PE17,D4,PE17_D04,XUPVQ-6,
BP9735_FULL.1,H7,FULL,sample,1.0,BRIGHT,,,PE18,D4,PE18_D04,XUPVQ-6,
BP9735_FULL.1,I7,FULL,sample,1.0,BRIGHT,,,PE17,E4,PE17_E04,XUPVQ-6,
BP9735_FULL.1,J7,FULL,sample,1.0,BRIGHT,,,PE18,E4,PE18_E04,XUPVQ-6,
BP9735_FULL.1,K7,FULL,sample,1.0,BRIGHT,,,PE17,F4,PE17_F04,XUPVQ-6,
BP9735_FULL.1,L7,FULL,sample,1.0,BRIGHT,,,PE18,F4,PE18_F04,XUPVQ-6,
BP9735_FULL.1,M7,FULL,sample,1.0,BRIGHT,,,PE17,G4,PE17_G04,XUPVQ-6,
BP9735_FULL.1,N7,FULL,sample,1.0,BRIGHT,,,PE18,G4,PE18_G04,XUPVQ-6,
BP9735_FULL.1,O7,FULL,sample,1.0,BRIGHT,,,PE17,H4,PE17_H04,XUPVQ-6,
BP9735_FULL.1,P7,FULL,sample,1.0,BRIGHT,,,PE18,H4,PE18_H04,XUPVQ-6,
BP9735_FULL.1,A8,FULL,sample,1.0,dim,,,PE19,A4,PE19_A04,XUPVQ-6,
BP9735_FULL.1,B8,FULL,sample,1.0,dim,,,PE20,A4,PE20_A04,XUPVQ-6,
BP9735_FULL.1,C8,FULL,sample,1.0,dim,,,PE19,B4,PE19_B04,XUPVQ-6,
BP9735_FULL.1,D8,FULL,sample,1.0,dim,,,PE20,B4,PE20_B04,XUPVQ-6,
BP9735_FULL.1,E8,FULL,sample,1.0,dim,,,PE19,C4,PE19_C04,XUPVQ-6,
BP9735_FULL.1,F8,FULL,sample,1.0,dim,,,PE20,C4,PE20_C04,XUPVQ-6,
BP9735_FULL.1,G8,FULL,sample,1.0,dim,,,PE19,D4,PE19_D04,XUPVQ-6,
BP9735_FULL.1,H8,FULL,sample,1.0,dim,,,PE20,D4,PE20_D04,XUPVQ-6,
BP9735_FULL.1,I8,FULL,sample,1.0,dim,,,PE19,E4,PE19_E04,XUPVQ-6,
BP9735_FULL.1,J8,FULL,sample,1.0,dim,,,PE20,E4,PE20_E04,XUPVQ-6,
BP9735_FULL.1,K8,FULL,sample,1.0,dim,,,PE19,F4,PE19_F04,XUPVQ-6,
BP9735_FULL.1,L8,FULL,sample,1.0,dim,,,PE20,F4,PE20_F04,XUPVQ-6,
BP9735_FULL.1,M8,FULL,sample,1.0,dim,,,PE19,G4,PE19_G04,XUPVQ-6,
BP9735_FULL.1,N8,FULL,sample,1.0,dim,,,PE20,G4,PE20_G04,XUPVQ-6,
BP9735_FULL.1,O8,FULL,sample,1.0,dim,,,PE19,H4,PE19_H04,XUPVQ-6,
BP9735_FULL.1,P8,FULL,sample,1.0,dim,,,PE20,H4,PE20_H04,XUPVQ-6,
BP9735_FULL.1,A9,FULL,sample,1.0,dim,,,PE17,A5,PE17_A05,XUPVQ-6,
BP9735_FULL.1,B9,FULL,sample,1.0,dim,,,PE18,A5,PE18_A05,XUPVQ-6,
BP9735_FULL.1,C9,FULL,sample,1.0,dim,,,PE17,B5,PE17_B05,XUPVQ-6,
BP9735_FULL.1,D9,FULL,sample,1.0,dim,,,PE18,B5,PE18_B05,XUPVQ-6,
BP9735_FULL.1,E9,FULL,sample,1.0,dim,,,PE17,C5,PE17_C05,XUPVQ-6,
BP9735_FULL.1,F9,FULL,sample,1.0,dim,,,PE18,C5,PE18_C05,XUPVQ-6,
BP9735_FULL.1,G9,FULL,sample,1.0,dim,,,PE17,D5,PE17_D05,XUPVQ-6,
BP9735_FULL.1,H9,FULL,sample,1.0,dim,,,PE18,D5,PE18_D05,XUPVQ-6,
BP9735_FULL.1,I9,FULL,sample,1.0,dim,,,PE17,E5,PE17_E05,XUPVQ-6,
BP9735_FULL.1,J9,FULL,sample,1.0,dim,,,PE18,E5,PE18_E05,XUPVQ-6,
BP9735_FULL.1,K9,FULL,sample,1.0,dim,,,PE17,F5,PE17_F05,XUPVQ-6,
BP9735_FULL.1,L9,FULL,sample,1.0,dim,,,PE18,F5,PE18_F05,XUPVQ-6,
BP9735_FULL.1,M9,FULL,sample,1.0,dim,,,PE17,G5,PE17_G05,XUPVQ-6,
BP9735_FULL.1,N9,FULL,sample,1.0,dim,,,PE18,G5,PE18_G05,XUPVQ-6,
BP9735_FULL.1,O9,FULL,sample,1.0,dim,,,PE17,H5,PE17_H05,XUPVQ-6,
BP9735_FULL.1,P9,FULL,sample,1.0,dim,,,PE18,H5,PE18_H05,XUPVQ-6,
BP9735_FULL.1,A10,FULL,sample,1.0,dim,,,PE19,A5,PE19_A05,XUPVQ-6,
BP9735_FULL.1,B10,FULL,sample,1.0,dim,,,PE20,A5,PE20_A05,XUPVQ-6,
BP9735_FULL.1,C10,FULL,sample,1.0,dim,,,PE19,B5,PE19_B05,XUPVQ-6,
BP9735_FULL.1,D10,FULL,sample,1.0,dim,,,PE20,B5,PE20_B05,XUPVQ-6,
BP9735_FULL.1,E10,FULL,sample,1.0,dim,,,PE19,C5,PE19_C05,XUPVQ-6,
BP9735_FULL.1,F10,FULL,sample,1.0,dim,,,PE20,C5,PE20_C05,XUPVQ-6,
BP9735_FULL.1,G10,FULL,sample,1.0,dim,,,PE19,D5,PE19_D05,XUPVQ-6,
BP9735_FULL.1,H10,FULL,sample,1.0,dim,,,PE20,D5,PE20_D05,XUPVQ-6,
BP9735_FULL.1,I10,FULL,sample,1.0,dim,,,PE19,E5,PE19_E05,XUPVQ-6,
BP9735_FULL.1,J10,FULL,sample,1.0,dim,,,PE20,E5,PE20_E05,XUPVQ-6,
BP9735_FULL.1,K10,FULL,sample,1.0,dim,,,PE19,F5,PE19_F05,XUPVQ-6,
BP9735_FULL.1,L10,FULL,sample,1.0,dim,,,PE20,F5,PE20_F05,XUPVQ-6,
BP9735_FULL.1,M10,FULL,sample,1.0,dim,,,PE19,G5,PE19_G05,XUPVQ-6,
BP9735_FULL.1,N10,FULL,sample,1.0,dim,,,PE20,G5,PE20_G05,XUPVQ-6,
BP9735_FULL.1,O10,FULL,sample,1.0,dim,,,PE19,H5,PE19_H05,XUPVQ-6,
BP9735_FULL.1,P10,FULL,sample,1.0,dim,,,PE20,H5,PE20_H05,XUPVQ-6,
BP9735_FULL.1,A11,FULL,sample,1.0,dim,,,PE17,A6,PE17_A06,XUPVQ-6,
BP9735_FULL.1,B11,FULL,sample,1.0,dim,,,PE18,A6,PE18_A06,XUPVQ-6,
BP9735_FULL.1,C11,FULL,sample,1.0,dim,,,PE17,B6,PE17_B06,XUPVQ-6,
BP9735_FULL.1,D11,FULL,sample,1.0,dim,,,PE18,B6,PE18_B06,XUPVQ-6,
BP9735_FULL.1,E11,FULL,sample,1.0,dim,,,PE17,C6,PE17_C06,XUPVQ-6,
BP9735_FULL.1,F11,FULL,sample,1.0,dim,,,PE18,C6,PE18_C06,XUPVQ-6,
BP9735_FULL.1,G11,FULL,sample,1.0,dim,,,PE17,D6,PE17_D06,XUPVQ-6,
BP9735_FULL.1,H11,FULL,sample,1.0,dim,,,PE18,D6,PE18_D06,XUPVQ-6,
BP9735_FULL.1,I11,FULL,sample,1.0,dim,,,PE17,E6,PE17_E06,XUPVQ-6,
BP9735_FULL.1,J11,FULL,sample,1.0,dim,,,PE18,E6,PE18_E06,XUPVQ-6,
BP9735_FULL.1,K11,FULL,sample,1.0,dim,,,PE17,F6,PE17_F06,XUPVQ-6,
BP9735_FULL.1,L11,FULL,sample,1.0,dim,,,PE18,F6,PE18_F06,XUPVQ-6,
BP9735_FULL.1,M11,FULL,sample,1.0,dim,,,PE17,G6,PE17_G06,XUPVQ-6,
BP9735_FULL.1,N11,FULL,sample,1.0,dim,,,PE18,G6,PE18_G06,XUPVQ-6,
BP9735_FULL.1,O11,FULL,sample,1.0,dim,,,PE17,H6,PE17_H06,XUPVQ-6,
BP9735_FULL.1,P11,FULL,sample,1.0,dim,,,PE18,H6,PE18_H06,XUPVQ-6,
BP9735_FULL.1,A12,FULL,sample,1.0,dim,,,PE19,A6,PE19_A06,XUPVQ-6,
BP9735_FULL.1,B12,FULL,sample,1.0,dim,,,PE20,A6,PE20_A06,XUPVQ-6,
BP9735_FULL.1,C12,FULL,sample,1.0,dim,,,PE19,B6,PE19_B06,XUPVQ-6,
BP9735_FULL.1,D12,FULL,sample,1.0,dim,,,PE20,B6,PE20_B06,XUPVQ-6,
BP9735_FULL.1,E12,FULL,sample,1.0,dim,,,PE19,C6,PE19_C06,XUPVQ-6,
BP9735_FULL.1,F12,FULL,sample,1.0,dim,,,PE20,C6,PE20_C06,XUPVQ-6,
BP9735_FULL.1,G12,FULL,sample,1.0,dim,,,PE19,D6,PE19_D06,XUPVQ-6,
BP9735_FULL.1,H12,FULL,sample,1.0,dim,,,PE20,D6,PE20_D06,XUPVQ-6,
BP9735_FULL.1,I12,FULL,sample,1.0,dim,,,PE19,E6,PE19_E06,XUPVQ-6,
BP9735_FULL.1,J12,FULL,sample,1.0,dim,,,PE20,E6,PE20_E06,XUPVQ-6,
BP9735_FULL.1,K12,FULL,sample,1.0,dim,,,PE19,F6,PE19_F06,XUPVQ-6,
BP9735_FULL.1,L12,FULL,sample,1.0,dim,,,PE20,F6,PE20_F06,XUPVQ-6,
BP9735_FULL.1,M12,FULL,sample,1.0,dim,,,PE19,G6,PE19_G06,XUPVQ-6,
BP9735_FULL.1,N12,FULL,sample,1.0,dim,,,PE20,G6,PE20_G06,XUPVQ-6,
BP9735_FULL.1,O12,FULL,sample,1.0,dim,,,PE19,H6,PE19_H06,XUPVQ-6,
BP9735_FULL.1,P12,FULL,sample,1.0,dim,,,PE20,H6,PE20_H06,XUPVQ-6,
BP9735_FULL.1,A13,FULL,sample,1.0,dim,,,PE17,A7,PE17_A07,XUPVQ-6,
BP9735_FULL.1,B13,FULL,sample,1.0,dim,,,PE18,A7,PE18_A07,XUPVQ-6,
BP9735_FULL.1,C13,FULL,sample,1.0,dim,,,PE17,B7,PE17_B07,XUPVQ-6,
BP9735_FULL.1,D13,FULL,sample,1.0,dim,,,PE18,B7,PE18_B07,XUPVQ-6,
BP9735_FULL.1,E13,FULL,sample,1.0,dim,,,PE17,C7,PE17_C07,XUPVQ-6,
BP9735_FULL.1,F13,FULL,sample,1.0,dim,,,PE18,C7,PE18_C07,XUPVQ-6,
BP9735_FULL.1,G13,FULL,sample,1.0,dim,,,PE17,D7,PE17_D07,XUPVQ-6,
BP9735_FULL.1,H13,FULL,sample,1.0,dim,,,PE18,D7,PE18_D07,XUPVQ-6,
BP9735_FULL.1,I13,FULL,sample,1.0,dim,,,PE17,E7,PE17_E07,XUPVQ-6,
BP9735_FULL.1,J13,FULL,sample,1.0,dim,,,PE18,E7,PE18_E07,XUPVQ-6,
BP9735_FULL.1,K13,FULL,sample,1.0,dim,,,PE17,F7,PE17_F07,XUPVQ-6,
BP9735_FULL.1,L13,FULL,sample,1.0,dim,,,PE18,F7,PE18_F07,XUPVQ-6,
BP9735_FULL.1,M13,FULL,sample,1.0,dim,,,PE17,G7,PE17_G07,XUPVQ-6,
BP9735_FULL.1,N13,FULL,sample,1.0,dim,,,PE18,G7,PE18_G07,XUPVQ-6,
BP9735_FULL.1,O13,FULL,sample,1.0,dim,,,PE17,H7,PE17_H07,XUPVQ-6,
BP9735_FULL.1,P13,FULL,sample,1.0,dim,,,PE18,H7,PE18_H07,XUPVQ-6,
BP9735_FULL.1,A14,FULL,sample,1.0,dim,,,PE19,A7,PE19_A07,XUPVQ-6,
BP9735_FULL.1,B14,FULL,sample,1.0,dim,,,PE20,A7,PE20_A07,XUPVQ-6,
BP9735_FULL.1,C14,FULL,sample,1.0,dim,,,PE19,B7,PE19_B07,XUPVQ-6,
BP9735_FULL.1,D14,FULL,sample,1.0,dim,,,PE20,B7,PE20_B07,XUPVQ-6,
BP9735_FULL.1,E14,FULL,sample,1.0,dim,,,PE19,C7,PE19_C07,XUPVQ-6,
BP9735_FULL.1,F14,FULL,sample,1.0,dim,,,PE20,C7,PE20_C07,XUPVQ-6,
BP9735_FULL.1,G14,FULL,sample,1.0,dim,,,PE19,D7,PE19_D07,XUPVQ-6,
BP9735_FULL.1,H14,FULL,sample,1.0,dim,,,PE20,D7,PE20_D07,XUPVQ-6,
BP9735_FULL.1,I14,FULL,sample,1.0,dim,,,PE19,E7,PE19_E07,XUPVQ-6,
BP9735_FULL.1,J14,FULL,sample,1.0,dim,,,PE20,E7,PE20_E07,XUPVQ-6,
BP9735_FULL.1,K14,FULL,sample,1.0,dim,,,PE19,F7,PE19_F07,XUPVQ-6,
BP9735_FULL.1,L14,FULL,sample,1.0,dim,,,PE20,F7,PE20_F07,XUPVQ-6,
BP9735_FULL.1,M14,FULL,sample,1.0,dim,,,PE19,G7,PE19_G07,XUPVQ-6,
BP9735_FULL.1,N14,FULL,sample,1.0,dim,,,PE20,G7,PE20_G07,XUPVQ-6,
BP9735_FULL.1,O14,FULL,sample,1.0,dim,,,PE19,H7,PE19_H07,XUPVQ-6,
BP9735_FULL.1,P14,FULL,sample,1.0,dim,,,PE20,H7,PE20_H07,XUPVQ-6,
BP9735_FULL.1,A15,FULL,sample,1.0,dim,,,PE17,A8,PE17_A08,XUPVQ-6,
BP9735_FULL.1,B15,FULL,sample,1.0,dim,,,PE18,A8,PE18_A08,XUPVQ-6,
BP9735_FULL.1,C15,FULL,sample,1.0,dim,,,PE17,B8,PE17_B08,XUPVQ-6,
BP9735_FULL.1,D15,FULL,sample,1.0,dim,,,PE18,B8,PE18_B08,XUPVQ-6,
BP9735_FULL.1,E15,FULL,sample,1.0,dim,,,PE17,C8,PE17_C08,XUPVQ-6,
BP9735_FULL.1,F15,FULL,sample,1.0,dim,,,PE18,C8,PE18_C08,XUPVQ-6,
BP9735_FULL.1,G15,FULL,sample,1.0,dim,,,PE17,D8,PE17_D08,XUPVQ-6,
BP9735_FULL.1,H15,FULL,sample,1.0,dim,,,PE18,D8,PE18_D08,XUPVQ-6,
BP9735_FULL.1,I15,FULL,sample,1.0,dim,,,PE17,E8,PE17_E08,XUPVQ-6,
BP9735_FULL.1,J15,FULL,sample,1.0,dim,,,PE18,E8,PE18_E08,XUPVQ-6,
BP9735_FULL.1,K15,FULL,sample,1.0,dim,,,PE17,F8,PE17_F08,XUPVQ-6,
BP9735_FULL.1,L15,FULL,sample,1.0,dim,,,PE18,F8,PE18_F08,XUPVQ-6,
BP9735_FULL.1,M15,FULL,sample,1.0,dim,,,PE17,G8,PE17_G08,XUPVQ-6,
BP9735_FULL.1,N15,FULL,sample,1.0,dim,,,PE18,G8,PE18_G08,XUPVQ-6,
BP9735_FULL.1,O15,FULL,sample,1.0,dim,,,PE17,H8,PE17_H08,XUPVQ-6,
BP9735_FULL.1,P15,FULL,sample,1.0,dim,,,PE18,H8,PE18_H08,XUPVQ-6,
BP9735_FULL.1,A16,FULL,sample,1.0,dim,,,PE19,A8,PE19_A08,XUPVQ-6,
BP9735_FULL.1,B16,FULL,sample,1.0,dim,,,PE20,A8,PE20_A08,XUPVQ-6,
BP9735_FULL.1,C16,FULL,sample,1.0,dim,,,PE19,B8,PE19_B08,XUPVQ-6,
BP9735_FULL.1,D16,FULL,sample,1.0,dim,,,PE20,B8,PE20_B08,XUPVQ-6,
BP9735_FULL.1,E16,FULL,sample,1.0,dim,,,PE19,C8,PE19_C08,XUPVQ-6,
BP9735_FULL.1,F16,FULL,sample,1.0,dim,,,PE20,C8,PE20_C08,XUPVQ-6,
BP9735_FULL.1,G16,FULL,sample,1.0,dim,,,PE19,D8,PE19_D08,XUPVQ-6,
BP9735_FULL.1,H16,FULL,sample,1.0,dim,,,PE20,D8,PE20_D08,XUPVQ-6,
BP9735_FULL.1,I16,FULL,sample,1.0,dim,,,PE19,E8,PE19_E08,XUPVQ-6,
BP9735_FULL.1,J16,FULL,sample,1.0,dim,,,PE20,E8,PE20_E08,XUPVQ-6,
BP9735_FULL.1,K16,FULL,sample,1.0,dim,,,PE19,F8,PE19_F08,XUPVQ-6,
BP9735_FULL.1,L16,FULL,sample,1.0,dim,,,PE20,F8,PE20_F08,XUPVQ-6,
BP9735_FULL.1,M16,FULL,sample,1.0,dim,,,PE19,G8,PE19_G08,XUPVQ-6,
BP9735_FULL.1,N16,FULL,sample,1.0,dim,,,PE20,G8,PE20_G08,XUPVQ-6,
BP9735_FULL.1,O16,FULL,sample,1.0,dim,,,PE19,H8,PE19_H08,XUPVQ-6,
BP9735_FULL.1,P16,FULL,sample,1.0,dim,,,PE20,H8,PE20_H08,XUPVQ-6,
BP9735_FULL.1,A17,FULL,sample,1.0,dim,,,PE17,A9,PE17_A09,XUPVQ-6,
BP9735_FULL.1,B17,FULL,sample,1.0,dim,,,PE18,A9,PE18_A09,XUPVQ-6,
BP9735_FULL.1,C17,FULL,sample,1.0,dim,,,PE17,B9,PE17_B09,XUPVQ-6,
BP9735_FULL.1,D17,FULL,sample,1.0,dim,,,PE18,B9,PE18_B09,XUPVQ-6,
BP9735_FULL.1,E17,FULL,sample,1.0,dim,,,PE17,C9,PE17_C09,XUPVQ-6,
BP9735_FULL.1,F17,FULL,sample,1.0,dim,,,PE18,C9,PE18_C09,XUPVQ-6,
BP9735_FULL.1,G17,FULL,sample,1.0,dim,,,PE17,D9,PE17_D09,XUPVQ-6,
BP9735_FULL.1,H17,FULL,sample,1.0,dim,,,PE18,D9,PE18_D09,XUPVQ-6,
BP9735_FULL.1,I17,FULL,sample,1.0,dim,,,PE17,E9,PE17_E09,XUPVQ-6,
BP9735_FULL.1,J17,FULL,sample,1.0,dim,,,PE18,E9,PE18_E09,XUPVQ-6,
BP9735_FULL.1,K17,FULL,sample,1.0,dim,,,PE17,F9,PE17_F09,XUPVQ-6,
BP9735_FULL.1,L17,FULL,sample,1.0,dim,,,PE18,F9,PE18_F09,XUPVQ-6,
BP9735_FULL.1,M17,FULL,sample,1.0,dim,,,PE17,G9,PE17_G09,XUPVQ-6,
BP9735_FULL.1,N17,FULL,sample,1.0,dim,,,PE18,G9,PE18_G09,XUPVQ-6,
BP9735_FULL.1,O17,FULL,sample,1.0,dim,,,PE17,H9,PE17_H09,XUPVQ-6,
BP9735_FULL.1,P17,FULL,sample,1.0,dim,,,PE18,H9,PE18_H09,XUPVQ-6,
BP9735_FULL.1,A18,FULL,sample,1.0,dim,,,PE19,A9,PE19_A09,XUPVQ-6,
BP9735_FULL.1,B18,FULL,sample,1.0,dim,,,PE20,A9,PE20_A09,XUPVQ-6,
BP9735_FULL.1,C18,FULL,sample,1.0,dim,,,PE19,B9,PE19_B09,XUPVQ-6,
BP9735_FULL.1,D18,FULL,sample,1.0,dim,,,PE20,B9,PE20_B09,XUPVQ-6,
BP9735_FULL.1,E18,FULL,sample,1.0,dim,,,PE19,C9,PE19_C09,XUPVQ-6,
BP9735_FULL.1,F18,FULL,sample,1.0,dim,,,PE20,C9,PE20_C09,XUPVQ-6,
BP9735_FULL.1,G18,FULL,sample,1.0,dim,,,PE19,D9,PE19_D09,XUPVQ-6,
BP9735_FULL.1,H18,FULL,sample,1.0,dim,,,PE20,D9,PE20_D09,XUPVQ-6,
BP9735_FULL.1,I18,FULL,sample,1.0,dim,,,PE19,E9,PE19_E09,XUPVQ-6,
BP9735_FULL.1,J18,FULL,sample,1.0,dim,,,PE20,E9,PE20_E09,XUPVQ-6,
BP9735_FULL.1,K18,FULL,sample,1.0,dim,,,PE19,F9,PE19_F09,XUPVQ-6,
BP9735_FULL.1,L18,FULL,sample,1.0,dim,,,PE20,F9,PE20_F09,XUPVQ-6,
BP9735_FULL.1,M18,FULL,sample,1.0,dim,,,PE19,G9,PE19_G09,XUPVQ-6,
BP9735_FULL.1,N18,FULL,sample,1.0,dim,,,PE20,G9,PE20_G09,XUPVQ-6,
BP9735_FULL.1,O18,FULL,sample,1.0,dim,,,PE19,H9,PE19_H09,XUPVQ-6,
BP9735_FULL.1,P18,FULL,sample,1.0,dim,,,PE20,H9,PE20_H09,XUPVQ-6,
BP9735_FULL.1,A19,FULL,sample,1.0,dim,,,PE17,A10,PE17_A10,XUPVQ-6,
BP9735_FULL.1,B19,FULL,sample,1.0,dim,,,PE18,A10,PE18_A10,XUPVQ-6,
BP9735_FULL.1,C19,FULL,sample,1.0,dim,,,PE17,B10,PE17_B10,XUPVQ-6,
BP9735_FULL.1,D19,FULL,sample,1.0,dim,,,PE18,B10,PE18_B10,XUPVQ-6,
BP9735_FULL.1,E19,FULL,sample,1.0,dim,,,PE17,C10,PE17_C10,XUPVQ-6,
BP9735_FULL.1,F19,FULL,sample,1.0,dim,,,PE18,C10,PE18_C10,XUPVQ-6,
BP9735_FULL.1,G19,FULL,sample,1.0,dim,,,PE17,D10,PE17_D10,XUPVQ-6,
BP9735_FULL.1,H19,FULL,sample,1.0,dim,,,PE18,D10,PE18_D10,XUPVQ-6,
BP9735_FULL.1,I19,FULL,sample,1.0,dim,,,PE17,E10,PE17_E10,XUPVQ-6,
BP9735_FULL.1,J19,FULL,sample,1.0,dim,,,PE18,E10,PE18_E10,XUPVQ-6,
BP9735_FULL.1,K19,FULL,sample,1.0,dim,,,PE17,F10,PE17_F10,XUPVQ-6,
BP9735_FULL.1,L19,FULL,sample,1.0,dim,,,PE18,F10,PE18_F10,XUPVQ-6,
BP9735_FULL.1,M19,FULL,sample,1.0,dim,,,PE17,G10,PE17_G10,XUPVQ-6,
BP9735_FULL.1,N19,FULL,sample,1.0,dim,,,PE18,G10,PE18_G10,XUPVQ-6,
BP9735_FULL.1,O19,FULL,sample,1.0,dim,,,PE17,H10,PE17_H10,XUPVQ-6,
BP9735_FULL.1,P19,FULL,sample,1.0,dim,,,PE18,H10,PE18_H10,XUPVQ-6,
BP9735_FULL.1,A20,FULL,sample,1.0,dim,,,PE19,A10,PE19_A10,XUPVQ-6,
BP9735_FULL.1,B20,FULL,sample,1.0,dim,,,PE20,A10,PE20_A10,XUPVQ-6,
BP9735_FULL.1,C20,FULL,sample,1.0,dim,,,PE19,B10,PE19_B10,XUPVQ-6,
BP9735_FULL.1,D20,FULL,sample,1.0,dim,,,PE20,B10,PE20_B10,XUPVQ-6,
BP9735_FULL.1,E20,FULL,sample,1.0,dim,,,PE19,C10,PE19_C10,XUPVQ-6,
BP9735_FULL.1,F20,FULL,sample,1.0,dim,,,PE20,C10,PE20_C10,XUPVQ-6,
BP9735_FULL.1,G20,FULL,sample,1.0,dim,,,PE19,D10,PE19_D10,XUPVQ-6,
BP9735_FULL.1,H20,FULL,sample,1.0,dim,,,PE20,D10,PE20_D10,XUPVQ-6,
BP9735_FULL.1,I20,FULL,sample,1.0,dim,,,PE19,E10,PE19_E10,XUPVQ-6,
BP9735_FULL.1,J20,FULL,sample,1.0,dim,,,PE20,E10,PE20_E10,XUPVQ-6,
BP9735_FULL.1,K20,FULL,sample,1.0,dim,,,PE19,F10,PE19_F10,XUPVQ-6,
BP9735_FULL.1,L20,FULL,sample,1.0,dim,,,PE20,F10,PE20_F10,XUPVQ-6,
BP9735_FULL.1,M20,FULL,sample,1.0,dim,,,PE19,G10,PE19_G10,XUPVQ-6,
BP9735_FULL.1,N20,FULL,sample,1.0,dim,,,PE20,G10,PE20_G10,XUPVQ-6,
BP9735_FULL.1,O20,FULL,sample,1.0,dim,,,PE19,H10,PE19_H10,XUPVQ-6,
BP9735_FULL.1,P20,FULL,sample,1.0,dim,,,PE20,H10,PE20_H10,XUPVQ-6,
BP9735_FULL.1,A21,FULL,sample,1.0,dim,,,PE17,A11,PE17_A11,XUPVQ-6,
BP9735_FULL.1,B21,FULL,sample,1.0,dim,,,PE18,A11,PE18_A11,XUPVQ-6,
BP9735_FULL.1,C21,FULL,sample,1.0,dim,,,PE17,B11,PE17_B11,XUPVQ-6,
BP9735_FULL.1,D21,FULL,sample,1.0,dim,,,PE18,B11,PE18_B11,XUPVQ-6,
BP9735_FULL.1,E21,FULL,sample,1.0,dim,,,PE17,C11,PE17_C11,XUPVQ-6,
BP9735_FULL.1,F21,FULL,sample,1.0,dim,,,PE18,C11,PE18_C11,XUPVQ-6,
BP9735_FULL.1,G21,FULL,sample,1.0,dim,,,PE17,D11,PE17_D11,XUPVQ-6,
BP9735_FULL.1,H21,FULL,sample,1.0,dim,,,PE18,D11,PE18_D11,XUPVQ-6,
BP9735_FULL.1,I21,FULL,sample,1.0,dim,,,PE17,E11,PE17_E11,XUPVQ-6,
BP9735_FULL.1,J21,FULL,sample,1.0,dim,,,PE18,E11,PE18_E11,XUPVQ-6,
BP9735_FULL.1,K21,FULL,sample,1.0,dim,,,PE17,F11,PE17_F11,XUPVQ-6,
BP9735_FULL.1,L21,FULL,sample,1.0,dim,,,PE18,F11,PE18_F11,XUPVQ-6,
BP9735_FULL.1,M21,FULL,sample,1.0,dim,,,PE17,G11,PE17_G11,XUPVQ-6,
BP9735_FULL.1,N21,FULL,sample,1.0,dim,,,PE18,G11,PE18_G11,XUPVQ-6,
BP9735_FULL.1,O21,FULL,sample,1.0,dim,,,PE17,H11,PE17_H11,XUPVQ-6,
BP9735_FULL.1,P21,FULL,sample,1.0,dim,,,PE18,H11,PE18_H11,XUPVQ-6,
BP9735_FULL.1,A22,FULL,sample,1.0,dim,,,PE19,A11,PE19_A11,XUPVQ-6,A7
BP9735_FULL.1,B22,FULL,sample,1.0,dim,,,PE20,A11,PE20_A11,XUPVQ-6,A8
BP9735_FULL.1,C22,FULL,sample,1.0,dim,,,PE19,B11,PE19_B11,XUPVQ-6,B7
BP9735_FULL.1,D22,FULL,sample,1.0,dim,,,PE20,B11,PE20_B11,XUPVQ-6,B8
BP9735_FULL.1,E22,FULL,sample,1.0,dim,,,PE19,C11,PE19_C11,XUPVQ-6,C7
BP9735_FULL.1,F22,FULL,sample,1.0,dim,,,PE20,C11,PE20_C11,XUPVQ-6,C8
BP9735_FULL.1,G22,FULL,sample,1.0,dim,,,PE19,D11,PE19_D11,XUPVQ-6,D7
BP9735_FULL.1,H22,FULL,sample,1.0,dim,,,PE20,D11,PE20_D11,XUPVQ-6,D8
BP9735_FULL.1,I22,FULL,sample,1.0,dim,,,PE19,E11,PE19_E11,XUPVQ-6,E7
BP9735_FULL.1,J22,FULL,sample,1.0,dim,,,PE20,E11,PE20_E11,XUPVQ-6,E8
BP9735_FULL.1,K22,FULL,sample,1.0,dim,,,PE19,F11,PE19_F11,XUPVQ-6,F7
BP9735_FULL.1,L22,FULL,sample,1.0,dim,,,PE20,F11,PE20_F11,XUPVQ-6,F8
BP9735_FULL.1,M22,FULL,sample,1.0,dim,,,PE19,G11,PE19_G11,XUPVQ-6,G7
BP9735_FULL.1,N22,FULL,sample,1.0,dim,,,PE20,G11,PE20_G11,XUPVQ-6,G8
BP9735_FULL.1,O22,FULL,sample,1.0,dim,,,PE19,H11,PE19_H11,XUPVQ-6,H7
BP9735_FULL.1,P22,FULL,sample,1.0,dim,,,PE20,H11,PE20_H11,XUPVQ-6,H8
BP9735_FULL.1,A23,FULL,sample,1.0,dim,,,PE17,A12,PE17_A12,XUPVQ-6,A9
BP9735_FULL.1,B23,FULL,sample,1.0,dim,,,PE18,A12,PE18_A12,XUPVQ-6,A10
BP9735_FULL.1,C23,FULL,sample,1.0,dim,,,PE17,B12,PE17_B12,XUPVQ-6,B9
BP9735_FULL.1,D23,FULL,sample,1.0,dim,,,PE18,B12,PE18_B12,XUPVQ-6,B10
BP9735_FULL.1,E23,FULL,sample,1.0,dim,,,PE17,C12,PE17_C12,XUPVQ-6,C9
BP9735_FULL.1,F23,FULL,sample,1.0,dim,,,PE18,C12,PE18_C12,XUPVQ-6,C10
BP9735_FULL.1,G23,FULL,sample,1.0,dim,,,PE17,D12,PE17_D12,XUPVQ-6,D9
BP9735_FULL.1,H23,FULL,sample,1.0,dim,,,PE18,D12,PE18_D12,XUPVQ-6,D10
BP9735_FULL.1,I23,FULL,sample,1.0,dim,,,PE17,E12,PE17_E12,XUPVQ-6,E9
BP9735_FULL.1,J23,FULL,sample,1.0,dim,,,PE18,E12,PE18_E12,XUPVQ-6,E10
BP9735_FULL.1,K23,FULL,sample,1.0,dim,,,PE17,F12,PE17_F12,XUPVQ-6,F9
BP9735_FULL.1,L23,FULL,sample,1.0,dim,,,PE18,F12,PE18_F12,XUPVQ-6,F10
BP9735_FULL.1,M23,FULL,sample,1.0,dim,,,PE17,G12,PE17_G12,XUPVQ-6,G9
BP9735_FULL.1,N23,FULL,sample,1.0,dim,,,PE18,G12,PE18_G12,XUPVQ-6,G10
BP9735_FULL.1,O23,FULL,sample,1.0,dim,,,PE17,H12,PE17_H12,XUPVQ-6,H9
BP9735_FULL.1,P23,FULL,sample,1.0,dim,,,PE18,H12,PE18_H12,XUPVQ-6,H10
BP9735_FULL.1,A24,FULL,neg_cntrl,0.0,empty,,,PE19,A12,PE19_A12,XUPVQ-6,A11
BP9735_FULL.1,B24,FULL,neg_cntrl,0.0,empty,,,PE20,A12,PE20_A12,XUPVQ-6,G11
BP9735_FULL.1,C24,FULL,neg_cntrl,0.0,empty,,,PE19,B12,PE19_B12,XUPVQ-6,B11
BP9735_FULL.1,D24,FULL,neg_cntrl,0.0,empty,,,PE20,B12,PE20_B12,XUPVQ-6,H11
BP9735_FULL.1,E24,FULL,neg_cntrl,0.0,empty,,,PE19,C12,PE19_C12,XUPVQ-6,C11
BP9735_FULL.1,F24,FULL,neg_cntrl,0.0,empty,,,PE20,C12,PE20_C12,XUPVQ-6,A12
BP9735_FULL.1,G24,FULL,neg_cntrl,0.0,empty,,,PE19,D12,PE19_D12,XUPVQ-6,D11
BP9735_FULL.1,H24,FULL,neg_cntrl,0.0,empty,,,PE20,D12,PE20_D12,XUPVQ-6,B12
BP9735_FULL.1,I24,FULL,pos_cntrl,,Ecoli_DNA,,,PE19,E12,PE19_E12,XUPVQ-6,E11
BP9735_FULL.1,J24,FULL,pos_cntrl,,Ecoli_DNA,,,PE20,E12,PE20_E12,XUPVQ-6,C12
BP9735_FULL.1,K24,FULL,pos_cntrl,,Ecoli_DNA,,,PE19,F12,PE19_F12,XUPVQ-6,F11
BP9735_FULL.1,L24,FULL,pos_cntrl,,Ecoli_DNA,,,PE20,F12,PE20_F12,XUPVQ-6,D12
BP9735_FULL.1,M24,FULL,unused,,,,,,,,XUPVQ-6,
BP9735_FULL.1,N24,FULL,unused,,,,,,,,XUPVQ-6,
BP9735_FULL.1,O24,FULL,unused,,,,,,,,XUPVQ-6,
BP9735_FULL.1,P24,FULL,unused,,,,,,,,XUPVQ-6,
